SEMA3F,PLXNA3
SEMA3F,PLXNA1
SEMA3F,NRP1
SEMA3F,NRP2
CX3CL1,CX3CR1
HEBP1,ADRA2A
HEBP1,MTNR1A
HEBP1,FPR3
HEBP1,GRM7
DCN,EGFR
DCN,MET
DCN,ERBB4
GRN,EGFR
GRN,TNFRSF1A
GRN,SORT1
GRN,TNFRSF1B
GRN,CLEC4M
UTS2,UTS2R
ICAM3,CLEC4M
ICAM3,ITGAL
ICAM3,ITGB2
ICAM3,CD209
ICAM3,ITGAD
CEACAM1,EGFR
CEACAM1,CD209
CEACAM1,SELE
PRLH,PRLHR
FGF4,NRP1
FGF4,FGFR2
FGF4,FGFR4
FGF4,FGFR1
FGF4,FGFR3
ST6GAL1,EGFR
ST6GAL1,CD22
NTN1,UNC5D
NTN1,UNC5B
NTN1,DCC
NTN1,UNC5A
NTN1,ADORA2B
NTN1,UNC5C
NTN1,NEO1
SCT,PTH1R
SCT,ADCYAP1R1
SCT,RAMP2
SCT,VIPR1
SCT,RAMP3
SCT,GPR20
SCT,ADRB2
SCT,VIPR2
SCT,ADRB3
SCT,TSHR
SCT,GPR84
SCT,SCTR
FGF20,FGFR2
FGF20,FGFR4
FGF20,FGFR1
FGF20,FGFR3
CEACAM6,EGFR
THPO,MPL
EFNB1,EPHB6
EFNB1,EPHB4
EFNB1,ERBB2
EFNB1,EPHB1
EFNB1,EPHB3
EFNB1,EPHB2
EFNB1,EPHA4
EFNB1,EPHA6
DLL3,NOTCH1
DLL3,NOTCH4
DLL3,NOTCH2
DLL3,NOTCH3
SEMA4G,PLXNB2
VCL,ITGB5
VCL,ALK
EFNA2,EPHA4
EFNA2,EPHA6
EFNA2,EPHA7
EFNA2,EPHA10
EFNA2,EPHA3
EFNA2,EPHA1
EFNA2,EPHA5
EFNA2,EPHA2
EFNA2,EPHA8
FGF22,FGFR2
FGF22,FGFR1
MADCAM1,ITGA4
MADCAM1,CD44
MADCAM1,ITGB7
MIF,EGFR
MIF,CD44
MIF,CXCR4
MIF,CXCR2
MIF,CD74
OSM,LIFR
OSM,IL6ST
OSM,OSMR
TCN2,LRP2
TCN2,CNR1
LGALS1,ITGB1
LGALS1,PTPRC
NID2,COL13A1
GZMB,CHRM3
GZMB,IGF2R
RSPO4,LGR6
RSPO4,LGR4
RSPO4,LGR5
OXT,AVPR2
OXT,AVPR1B
OXT,AVPR1A
OXT,OXTR
F9,LRP1
PCSK1N,GPR171
TIMP1,FGFR2
TIMP1,CD63
MMP2,FGFR1
MMP2,CCR2
MMP2,SDC2
CCL22,CCR4
CCL22,DPP4
CCL22,ACKR2
CCL17,CCR4
CCL17,ACKR2
CCL17,CCR8
TG,LRP2
TG,ASGR1
TG,TPO
SFRP1,FZD2
SFRP1,FZD6
PLAT,ITGB2
PLAT,LRP1
PLAT,ITGAM
DKK4,LRP6
DKK4,LRP5
LHB,PTH1R
LHB,ADCYAP1R1
LHB,RAMP2
LHB,VIPR1
LHB,RAMP3
LHB,GPR20
LHB,ADRB2
LHB,ADRB3
LHB,TSHR
LHB,GPR84
LHB,LHCGR
AMH,EGFR
AMH,ACVR1
AMH,AMHR2
RETN,GPR25
EBI3,IL6ST
EBI3,IL27RA
TGFB1,EGFR
TGFB1,ITGB5
TGFB1,CXCR4
TGFB1,ITGB1
TGFB1,SDC2
TGFB1,ENG
TGFB1,SMAD3
TGFB1,TGFBR2
TGFB1,TGFBR1
TGFB1,ACVRL1
TGFB1,ITGB6
TGFB1,ITGAV
TGFB1,CAV1
TGFB1,ITGB8
TGFB1,TGFBR3
ICAM5,ITGAL
ICAM5,ITGB2
CEACAM5,CD1D
COMP,ITGB1
COMP,CD36
HGF,NRP1
HGF,MET
HGF,CD44
HGF,ITGB1
HGF,SDC2
HGF,SDC1
HGF,ST14
LAMB1,ITGB1
LAMB1,ITGAV
LAMB1,ITGA7
LAMB1,ITGA6
LAMB1,ITGA1
LAMB1,ITGA2
LAMB1,ITGA3
LAMB1,ITGB4
WNT16,FZD6
NAMPT,ADORA2A
PON2,HTR2A
NPVF,NPFFR1
NPVF,NPFFR2
PDAP1,PDGFRB
SERPINE1,ITGB5
SERPINE1,LRP2
SERPINE1,LRP1
SERPINE1,ITGAV
SERPINE1,PLAUR
C5,ADRA2A
C5,MTNR1A
C5,GRM7
C5,C5AR2
C5,C5AR1
TNFSF8,TNFRSF8
RLN1,RXFP2
RLN1,RXFP1
CSF3,CSF1R
CSF3,CSF3R
WNT3,LRP6
WNT3,RYK
WNT3,ROR2
WNT3,FZD1
WNT3,FZD7
WNT3,FZD8
WNT3,FZD5
CCL2,CCR2
CCL2,CCR4
CCL2,ACKR2
CCL2,CCR1
CCL2,CCR5
CCL2,CCR10
CCL2,CCR3
CCL2,ACKR4
CCL1,CCR8
CCL13,CCR2
CCL13,ACKR2
CCL13,CCR1
CCL13,CCR5
CCL13,CCR3
CCL13,ACKR4
CCL13,CXCR3
CCL13,CCR9
COL1A1,CD44
COL1A1,ITGB1
COL1A1,ITGAV
COL1A1,CD36
COL1A1,ITGA1
COL1A1,ITGA2
COL1A1,ITGA5
COL1A1,CD93
COL1A1,FLT4
COL1A1,DDR2
COL1A1,ITGA11
COL1A1,TMPRSS6
COL1A1,DDR1
EFNB3,EPHB6
EFNB3,EPHB4
EFNB3,EPHB1
EFNB3,EPHB3
EFNB3,EPHB2
EFNB3,EPHA4
EFNB3,RHBDL2
VTN,ITGB5
VTN,ITGB1
VTN,ITGB6
VTN,ITGAV
VTN,ITGB8
VTN,PLAUR
VTN,ITGA5
VTN,ITGA8
VTN,CD47
VTN,KDR
VTN,ITGA2B
VTN,TNFRSF11B
VTN,PVR
VTN,ITGA3
IBSP,ITGAV
CXCL6,ADRA2A
CXCL6,MTNR1A
CXCL6,GRM7
CXCL6,CXCR2
CXCL6,CXCR1
IL2,IL2RA
IL2,IL2RG
IL2,CD53
IL2,NGFR
IL2,IL2RB
APOC3,LRP2
APOC3,LRP1
APOC3,SDC2
APOC3,LDLR
APOC3,TLR2
KITLG,KIT
KITLG,EPOR
CLEC2B,KLRF1
SELPLG,ITGB2
SELPLG,SELE
SELPLG,ITGAM
SELPLG,ESAM
SELPLG,SELL
SELPLG,SELP
IL23A,IL12RB1
IL23A,IL12RB2
IL23A,IL23R
FGF6,FGFR2
FGF6,FGFR4
FGF6,FGFR1
FGF6,FGFR3
FGF6,SDC4
IL26,IL10RB
IL26,IL20RA
IFNG,IFNGR2
IFNG,IFNGR1
GNB3,TGFBR1
GNB3,GABBR2
ULBP1,KLRK1
LAMA4,ITGB1
LAMA4,ITGAV
LAMA4,ITGA6
LAMA4,ITGA3
HBEGF,EGFR
HBEGF,ERBB4
HBEGF,ERBB2
HBEGF,CD44
HBEGF,CD9
HBEGF,PRLR
HBEGF,CD82
IL12B,IL12RB1
IL12B,IL12RB2
IL12B,IL23R
IL4,IL2RG
IL4,CD53
IL4,IL13RA2
IL4,IL13RA1
IL4,IL4R
IL5,CSF2RB
IL5,IL5RA
SEMA3G,NRP2
LTF,LRP1
LTF,TFRC
HRG,ERBB2
HRG,FCGR1A
HRG,ERBB3
TFPI,LRP1
TFPI,SDC4
TFPI,VLDLR
TFPI,F3
APOB,ITGB2
APOB,ADRB2
APOB,LRP2
APOB,LRP1
APOB,ITGAM
APOB,LRP6
APOB,LDLR
APOB,VLDLR
APOB,OLR1
APOB,CALCR
APOB,MTTP
APOB,LSR
APOB,TLR6
APOB,TLR4
APOB,LRP8
WNT6,FZD4
PROC,ITGB2
PROC,ITGAM
PROC,THBD
PROC,PROCR
ANGPTL1,TEK
CD160,TNFRSF14
APOA1,LRP2
APOA1,LRP1
APOA1,LDLR
APOA1,ABCA1
FGF23,FGFR2
FGF23,FGFR4
FGF23,FGFR1
FGF23,FGFR3
FGF23,PHEX
FGF23,KL
TGFB3,ITGB5
TGFB3,ITGB1
TGFB3,ENG
TGFB3,TGFBR2
TGFB3,TGFBR1
TGFB3,ACVRL1
TGFB3,ITGB6
TGFB3,TGFBR3
IFNA7,IFNAR2
IFNA7,IFNAR1
IAPP,PTH1R
IAPP,ADCYAP1R1
IAPP,RAMP2
IAPP,VIPR1
IAPP,RAMP3
IAPP,GPR20
IAPP,ADRB2
IAPP,ADRB3
IAPP,TSHR
IAPP,GPR84
IAPP,CALCR
IAPP,RAMP1
TNFSF10,TNFRSF11B
TNFSF10,TNFRSF10D
TNFSF10,RIPK1
TNFSF10,TNFRSF10B
TNFSF10,TNFRSF10C
TNFSF10,TNFRSF10A
GSTM2,RYR2
INHBA,ACVR1
INHBA,ENG
INHBA,SMAD3
INHBA,ACVR2B
INHBA,BAMBI
INHBA,ACVR1B
INHBA,TGFBR3
INHBA,ACVR2A
INHA,ACVR1
INHA,ACVR2B
INHA,TGFBR3
INHA,ACVR2A
PI3,PLD2
IL17C,IL17RE
LYPD3,AGR2
EREG,EGFR
EREG,ERBB4
EREG,ERBB2
EREG,ERBB3
EFNB2,EPHB6
EFNB2,EPHB4
EFNB2,EPHB1
EFNB2,EPHB3
EFNB2,EPHB2
EFNB2,EPHA4
EFNB2,EPHA6
EFNB2,EPHA3
EFNB2,RHBDL2
EFNB2,GRM5
EFNB2,GRM1
BMP4,LRP6
BMP4,BMPR2
BMP4,BMPR1A
BMP4,BMPR1B
PSPN,GFRA3
PSPN,RET
PSPN,SDC3
PSPN,GFRA2
PSPN,GFRA4
PSPN,GFRA1
TNFSF9,PVR
TNFSF9,TNFRSF9
TNFSF9,TRAF2
CD70,TNFRSF13B
CD70,CD27
CD70,TNFRSF17
C3,ADRA2A
C3,MTNR1A
C3,GRM7
C3,ITGB2
C3,LRP1
C3,ITGAM
C3,C5AR2
C3,CD19
C3,CD46
C3,CR2
C3,ITGAX
C3,C3AR1
C3,IFITM1
C3,CR1
C3,CD81
VASP,CXCR2
SLURP1,CHRNA7
GDF1,SMAD3
GDF1,ACVR2B
GDF1,ACVR1B
GDF1,ACVR2A
OMG,RTN4RL1
OMG,LINGO1
OMG,RTN4R
OMG,NGFR
LIF,LIFR
LIF,IL6ST
DLL4,NOTCH1
DLL4,NOTCH4
DLL4,NOTCH2
DLL4,NOTCH3
TPH1,HTR2A
TPH1,HTR7
TPH1,HTR1A
TPH1,HTR1F
TPH1,HTR1D
TPH1,HTR2C
TPH1,HTR4
TPH1,HTR6
TPH1,HTR1B
TPH1,HTR2B
TPH1,HTR5A
TPH1,HTR1E
AANAT,MTNR1A
AANAT,MTNR1B
LMAN1,MCFD2
APOE,LRP2
APOE,LRP1
APOE,SDC2
APOE,LRP6
APOE,LRP5
APOE,LDLR
APOE,VLDLR
APOE,LSR
APOE,LRP8
APOE,ABCA1
APOE,CHRNA4
APOE,TREM2
APOE,SORL1
APOE,SCARB1
APOE,LRP4
APOC2,LDLR
NCAN,SDC3
NCAN,CDH2
BST2,LILRA4
BMP15,BMPR2
BMP15,BMPR1A
BMP15,BMPR1B
BMP15,ACVR2A
EPO,EPHB4
EPO,EPOR
GDF15,RET
GDF15,GFRAL
LAMA5,ITGB1
LAMA5,SDC1
LAMA5,ITGA6
LAMA5,ITGA2
LAMA5,BCAM
LAMA5,ITGA3
LAMA5,ITGB4
F12,CD93
F12,GP1BA
CRP,OLR1
CRP,CR1
NTS,SORT1
NTS,NTSR1
NTS,NTSR2
NTS,NGFR
TSHB,PTH1R
TSHB,ADCYAP1R1
TSHB,RAMP2
TSHB,VIPR1
TSHB,RAMP3
TSHB,GPR20
TSHB,ADRB2
TSHB,ADRB3
TSHB,TSHR
TSHB,GPR84
FST,BMPR2
FST,BMPR1B
GRP,GRPR
GRP,BRS3
GRP,NMBR
DSC1,DSG2
DSC1,DSG3
DSC1,DSG1
SEMA6A,PLXNA4
SEMA6A,PLXNA2
LACRT,SDC1
GDF11,ACVR2B
GDF11,ACVR1B
GDF11,BMPR2
GDF11,BMPR1A
GDF11,BMPR1B
GDF11,ACVR2A
LAMC1,ITGB1
LAMC1,ITGAV
LAMC1,ITGA7
LAMC1,ITGA6
LAMC1,ITGA1
LAMC1,ITGA2
LAMC1,ITGA3
LAMC1,ITGB4
IL36G,IL36RN
IL36G,IL1RL2
IL1RN,IL1RL2
IL1RN,IL1R1
IL1RN,IL1R2
IL36A,IL36RN
IL36A,IL1RL2
IL36B,IL36RN
IL36B,IL1RL2
CFC1,SMAD3
CFC1,ACVR1B
CFC1,ACVR2A
ORM1,CCR5
CCL21,ADRA2A
CCL21,MTNR1A
CCL21,GRM7
CCL21,ACKR2
CCL21,ACKR4
CCL21,CXCR3
CCL21,CCR7
CCL27,ADRA2A
CCL27,MTNR1A
CCL27,GRM7
CCL27,ACKR2
CCL27,CCR10
TGS1,RXRA
MMP7,ERBB4
MMP7,CD44
MMP7,SDC1
MMP7,CD151
THBS1,ITGA4
THBS1,ITGB1
THBS1,LRP1
THBS1,LRP5
THBS1,CD36
THBS1,SDC1
THBS1,ITGA6
THBS1,CD47
THBS1,ITGA2B
THBS1,TNFRSF11B
THBS1,SDC4
THBS1,SCARB1
THBS1,ITGA3
ADAM10,MET
ADAM10,NOTCH1
ADAM10,NOTCH2
ADAM10,EPHA3
ADAM10,CD44
ADAM10,TREM2
ADAM10,GPNMB
ADAM10,TSPAN5
ADAM10,TSPAN15
ADAM10,TSPAN10
ADAM10,CADM1
ADAM10,TSPAN14
ADAM10,IL6R
ADAM10,TSPAN17
ADAM10,AXL
ADAM10,NRCAM
ADAM10,TSPAN12
MSTN,ACVR2B
COL8A1,ITGA1
COL8A1,ITGA2
LYZ,ITGAL
VWF,LRP1
VWF,ITGA2B
VWF,TNFRSF11B
VWF,SELP
VWF,GP1BA
VWF,SCARA5
VWF,STAB2
VWF,SIRPA
CDH1,EGFR
CDH1,ITGB7
CDH1,LRP5
CDH1,ERBB3
CDH1,CDH2
CDH1,IGF1R
CDH1,KLRG1
CDH1,ITGAE
CDH1,PTPRM
CDH1,PTPRF
IL17B,IL17RB
SEMA7A,ITGB1
SEMA7A,ITGA1
SEMA7A,PLXNC1
RIMS2,ABCA1
TIMP2,CD44
TIMP2,ITGB1
TIMP2,ITGA3
LGALS3BP,ITGB1
LGALS3BP,CD33
IL37,IL1RAPL1
IL1A,IL1R1
IL1A,IL1R2
IL1A,IL1RAP
IL1B,ADRB2
IL1B,IL1R1
IL1B,IL1R2
IL1B,IL1RAP
IL1B,SIGIRR
MIA,CDH7
LCN1,LMBR1L
CNTN3,PTPRG
IL7,IL2RG
IL7,IL7R
CKLF,CCR4
CKLF,LRP6
FARP2,PLXNA3
FARP2,PLXNA1
FARP2,PLXNA4
FARP2,PLXNA2
LAMC2,ITGB1
LAMC2,ITGA6
LAMC2,ITGA2
LAMC2,CD151
LAMC2,COL17A1
LAMC2,ITGA3
LAMC2,ITGB4
NID1,ITGB1
NID1,COL13A1
NID1,ITGAV
NID1,PTPRF
NID1,ITGA3
NMU,ADRA2A
NMU,MTNR1A
NMU,GRM7
NMU,NMUR1
NMU,NMUR2
IL21,IL2RG
IL21,IL21R
FGF2,NRP1
FGF2,FGFR2
FGF2,FGFR4
FGF2,FGFR1
FGF2,FGFR3
FGF2,CD44
FGF2,SDC2
FGF2,SDC1
FGF2,SDC4
FGF2,SDC3
FGF2,GPC4
FGF2,FGFRL1
IL11,IL6ST
IL11,IL11RA
WNT5A,ADRB2
WNT5A,EPHA7
WNT5A,LRP2
WNT5A,FZD2
WNT5A,FZD6
WNT5A,LRP6
WNT5A,LRP5
WNT5A,RYK
WNT5A,ROR2
WNT5A,FZD1
WNT5A,FZD7
WNT5A,FZD8
WNT5A,FZD5
WNT5A,LDLR
WNT5A,FZD4
WNT5A,PTK7
WNT5A,ROR1
WNT5A,VANGL2
WNT5A,PTPRK
WNT5A,FZD9
WNT5A,FZD3
WNT5A,ANTXR1
WNT5A,MCAM
FGF10,FGFR2
FGF10,FGFR1
FGF10,FGFRL1
ICAM1,EGFR
ICAM1,ITGAL
ICAM1,ITGB2
ICAM1,ITGAM
ICAM1,CAV1
ICAM1,IL2RA
ICAM1,IL2RG
ICAM1,ITGAX
ICAM1,MUC1
ICAM1,SPN
OLFM2,ROBO2
F13A1,ITGA4
F13A1,ITGB1
F13A1,ITGA9
BST1,CAV1
KNG1,ADRA2A
KNG1,MTNR1A
KNG1,GRM7
KNG1,ITGB2
KNG1,SDC2
KNG1,ITGAM
KNG1,PLAUR
KNG1,CD93
KNG1,GP1BA
KNG1,RXFP4
KNG1,BDKRB2
KNG1,BDKRB1
VCAN,EGFR
VCAN,ITGA4
VCAN,CD44
VCAN,ITGB1
VCAN,TLR2
VCAN,SELL
VCAN,SELP
VCAN,TLR1
TNC,EGFR
TNC,ITGB1
TNC,ITGB6
TNC,ITGAV
TNC,SDC1
TNC,ITGA7
TNC,ITGA2
TNC,ITGA5
TNC,ITGA8
TNC,SDC4
TNC,PTPRB
TNC,CNTN1
TNC,ITGA9
EGF,NRP1
EGF,EGFR
EGF,ERBB4
EGF,ADRB2
EGF,ERBB2
EGF,LRP2
EGF,CAV1
EGF,RHBDL2
EGF,LDLR
EGF,ERBB3
EGF,PLD2
EGF,AXL
EGF,FSHR
SEMA3C,NRP1
SEMA3C,NRP2
SEMA3C,PLXND1
SEMA3A,PLXNA3
SEMA3A,PLXNA1
SEMA3A,NRP1
SEMA3A,NRP2
SEMA3A,PLXNA4
SEMA3A,PLXNA2
WNT2,FZD2
WNT2,LRP6
WNT2,FZD1
WNT2,FZD7
WNT2,FZD8
WNT2,FZD5
WNT2,FZD4
WNT2,FZD9
WNT2,FZD3
NPTX2,NPTXR
GAL,ADRA2A
GAL,MTNR1A
GAL,GRM7
GAL,GALR2
GAL,GPR151
GAL,GALR1
GAL,GALR3
ADAM2,ITGB7
ADAM2,ITGB1
ADAM2,ITGA6
ADAM2,CD9
ADAM2,ITGA9
ADAM28,ITGA4
SLIT1,ROBO1
SLIT1,FLRT3
SLIT1,GPC1
TIMP3,MET
TIMP3,CD44
TIMP3,KDR
TIMP3,AGTR2
INHBE,ACVR2B
INHBE,ACVR2A
LUM,ITGB1
DHH,PTCH1
DHH,HHIP
DHH,BOC
DHH,CDON
DHH,PTCH2
NPFF,NPFFR1
NPFF,NPFFR2
FGF7,NRP1
FGF7,FGFR2
FGF7,FGFR4
FGF7,FGFR1
FGF7,FGFR3
HDC,HRH1
HDC,HRH2
HDC,HRH3
HDC,HRH4
MFGE8,ITGAV
MFGE8,PDGFRB
IGFBP4,LRP6
IGFBP4,FZD8
PTH2,PTH1R
PTH2,ADCYAP1R1
PTH2,RAMP2
PTH2,VIPR1
PTH2,RAMP3
PTH2,GPR20
PTH2,ADRB2
PTH2,ADRB3
PTH2,TSHR
PTH2,GPR84
PTH2,PTH2R
PROK1,PROKR1
PROK1,PROKR2
CGN,TGFBR2
CGN,TGFBR1
CGN,OCLN
LEFTY1,ACVR2B
LEFTY1,ACVR1B
LEFTY1,ACVR2A
REN,ATP6AP2
GDF7,BMPR2
GDF7,BMPR1A
GDF7,ACVR2A
CALM2,GRM7
CALM2,EGFR
CALM2,SELL
CALM2,GRM5
CALM2,KCNQ3
CALM2,KCNQ5
CALM2,MYLK
CALM2,PDE1A
CALM2,INSR
CALM2,ADCY8
CALM2,PDE1C
CALM2,GP6
CALM2,SCN10A
CALM2,AQP6
CALM2,MYLK2
CALM2,SCN4A
CALM2,KCNQ1
CALM2,PDE1B
CALM2,TRPC5
CALM2,CACNA1C
NXPH2,NRXN1
LRIG1,EGFR
LRIG1,MET
UCN2,IL10RB
UCN2,CRHR2
UCN2,CRHR1
SFRP2,FZD5
MEGF10,ABCA1
IL9,IL2RG
FGF18,FGFR2
FGF18,FGFR4
FGF18,FGFR1
FGF18,FGFR3
CRH,PTH1R
CRH,ADCYAP1R1
CRH,RAMP2
CRH,VIPR1
CRH,RAMP3
CRH,GPR20
CRH,ADRB2
CRH,ADRB3
CRH,TSHR
CRH,GPR84
CRH,CRHR2
CRH,CRHR1
CRH,MC2R
RSPO2,LGR6
RSPO2,LGR4
RSPO2,LGR5
RSPO2,ZNRF3
IFNA1,IFNAR2
IFNA1,IFNAR1
IFNA1,CR2
LIN7C,ABCA1
LIN7C,HTR2C
LIN7C,KCNJ4
SERPING1,SELE
SERPING1,SELP
GPHA2,TSHR
GPHA2,EPHA6
CTF1,LIFR
CTF1,IL6ST
IL18,IL1RL2
IL18,IL1RAPL1
IL18,CD48
IL18,IL18R1
IL18,IL18BP
IL18,IL18RAP
QDPR,DYSF
PIGF,FLT1
TNFSF4,TRAF2
TNFSF4,TNFRSF4
PTH,PTH1R
PTH,ADCYAP1R1
PTH,RAMP2
PTH,VIPR1
PTH,RAMP3
PTH,GPR20
PTH,ADRB2
PTH,ADRB3
PTH,TSHR
PTH,GPR84
PTH,LRP6
PTH,PTH2R
BMP3,ACVR2B
BMP3,BMPR2
BMP3,BMPR1A
BMP3,BMPR1B
BMP6,ACVR1
BMP6,BMPR2
BMP6,BMPR1A
BMP6,BMPR1B
BMP6,ACVR2A
SEMA3D,NRP1
SEMA3D,PLXND1
WNT3A,LGR5
WNT3A,LRP1
WNT3A,FZD2
WNT3A,FZD6
WNT3A,LRP6
WNT3A,LRP5
WNT3A,RYK
WNT3A,FZD1
WNT3A,FZD7
WNT3A,FZD8
WNT3A,FZD5
WNT3A,ROR1
WNT3A,FZD3
WNT3A,ATP6AP2
WNT3A,APCDD1
APP,ADRA2A
APP,MTNR1A
APP,GRM7
APP,DCC
APP,NOTCH2
APP,LRP1
APP,LRP6
APP,CAV1
APP,VLDLR
APP,SORL1
APP,TSPAN15
APP,FPR2
APP,LRP10
APP,PLD1
APP,RPSA
APP,TNFRSF21
APP,NCSTN
APP,AGER
APP,CD74
APP,NGFR
APP,APLP1
APP,TSPAN12
APP,PTGER2
APP,APLP2
APP,GPC1
WNT7A,LRP6
WNT7A,FZD5
WNT7A,LDLR
WNT7A,FZD9
WNT7A,RECK
WNT7A,FZD10
DKK2,LRP6
DKK2,KREMEN2
WIF1,RYK
ADAMTS3,CCBE1
CXCL13,ADRA2A
CXCL13,MTNR1A
CXCL13,GRM7
CXCL13,CCR10
CXCL13,ACKR4
CXCL13,CXCR3
CXCL13,CXCR5
CXCL13,OPRD1
GDF6,BMPR2
GDF6,BMPR1A
GDF6,BMPR1B
NODAL,SMAD3
NODAL,ACVR2B
NODAL,ACVR1B
NODAL,ACVR2A
NODAL,ACVR1C
SST,ADRA2A
SST,MTNR1A
SST,GRM7
SST,SSTR5
SST,SSTR2
SST,SSTR3
SST,SSTR4
SST,SSTR1
WNT4,NOTCH1
WNT4,FZD2
WNT4,FZD6
WNT4,FZD1
WNT4,FZD8
WNT4,SMO
AGRP,SDC3
AGRP,MC4R
AGRP,MC5R
AGRP,MC3R
PIP,AQP5
PIP,CD4
PIP,NPTN
CALM3,GRM7
CALM3,EGFR
CALM3,SELL
CALM3,RYR2
CALM3,GRM5
CALM3,KCNQ3
CALM3,KCNQ5
CALM3,MYLK
CALM3,PDE1A
CALM3,INSR
CALM3,ADCY8
CALM3,PDE1C
CALM3,GP6
CALM3,SCN10A
CALM3,AQP6
CALM3,MYLK2
CALM3,SCN4A
CALM3,ESR1
CALM3,AR
CALM3,KCNQ1
CALM3,PDE1B
CALM3,TRPC5
CALM3,CACNA1C
TFF2,MUC6
TFF1,MUC5AC
TFF1,FCRL4
S100B,AGER
S100B,ALCAM
S100A1,TLR4
S100A1,RYR2
S100A1,AGER
S100A1,TRPM3
S100A1,RYR1
SCGB3A1,NOTCH3
SCGB3A1,MARCO
HCRT,NPFFR2
HCRT,HCRTR1
HCRT,HCRTR2
SHANK1,ABCA1
SHANK1,SSTR2
WNT1,LRP6
WNT1,LRP5
WNT1,RYK
WNT1,ROR2
WNT1,FZD1
WNT1,FZD7
WNT1,FZD8
WNT1,FZD5
WNT1,FZD9
WNT1,FZD3
CXCL16,ADRA2A
CXCL16,MTNR1A
CXCL16,GRM7
CXCL16,CXCR6
TNFSF12,TNFRSF8
TNFSF12,TNFRSF25
TNFSF12,TNFRSF12A
FGF11,FGFR2
FGF11,FGFR4
FGF11,FGFR1
FGF11,FGFR3
NTN3,NEO1
NTN3,CDON
FGF19,FGFR2
FGF19,FGFR4
FGF19,FGFR1
FGF19,FGFR3
FGF19,KLB
DRAXIN,DCC
VCAM1,ITGB2
VCAM1,ITGAD
VCAM1,ITGA4
VCAM1,ITGB7
VCAM1,ITGB1
VCAM1,EZR
VCAM1,MSN
VCAM1,ITGA9
ARPC5,ADRB2
ARPC5,LRP2
ARPC5,LDLR
INHBB,ACVR1
INHBB,SMAD3
INHBB,ACVR2B
INHBB,ACVR1B
INHBB,ACVR2A
INHBB,ACVR1C
BMP10,ENG
BMP10,ACVRL1
BMP10,BMPR2
BMP10,BMPR1A
BMP10,BMPR1B
BMP10,ACVR2A
TGFA,EGFR
TGFA,ERBB4
TGFA,ERBB2
TGFA,ERBB3
COL6A3,ITGB1
COL6A3,ITGA1
COL6A3,ITGA2
PROK2,PROKR1
PROK2,PROKR2
IHH,PTCH1
IHH,HHIP
IHH,BOC
IHH,CDON
IHH,PTCH2
CXCL3,ADRA2A
CXCL3,MTNR1A
CXCL3,GRM7
CXCL3,CXCR2
CXCL3,CXCR1
CXCL5,ADRA2A
CXCL5,MTNR1A
CXCL5,GRM7
CXCL5,CXCR2
CXCL5,CXCR1
PPBP,ADRA2A
PPBP,MTNR1A
PPBP,GRM7
PPBP,CXCR2
PPBP,CXCR1
PF4,ADRA2A
PF4,MTNR1A
PF4,GRM7
PF4,FGFR2
PF4,LRP1
PF4,SDC2
PF4,CXCR3
PF4,LDLR
PF4,THBD
PF4,PROCR
UCN,CRHR2
UCN,CRHR1
TDGF1,SMAD3
TDGF1,ACVR2B
TDGF1,ACVR1B
TDGF1,ACVR2A
TDGF1,ACVR1C
TDGF1,GPC1
LIPH,LPAR1
LIPH,LPAR4
LIPH,LPAR2
CAMP,EGFR
CAMP,IGF1R
CAMP,FPR2
CAMP,P2RX7
IL15,IL2RA
IL15,IL2RG
IL15,IL15RA
IL15,IL2RB
SCGB3A2,MARCO
SPINK1,EGFR
SPINK1,NRSN1
IL3,CSF2RB
CSF2,ITGB1
CSF2,SDC2
CSF2,CSF1R
CSF2,CSF3R
CSF2,CSF2RB
CSF2,ITGA9
FABP5,RXRA
SHH,LRP2
SHH,PTCH1
SHH,HHIP
SHH,BOC
SHH,CDON
SHH,PTCH2
SHH,SCUBE2
SHH,GPC5
SHH,GAS1
SHH,SMO
SHH,GPC1
COL1A2,CD44
COL1A2,ITGB1
COL1A2,ITGAV
COL1A2,CD36
COL1A2,ITGA1
COL1A2,ITGA2
COL1A2,CD93
COL1A2,FLT4
COL1A2,ITGA11
COL1A2,ITGA2B
DEFB1,CCR6
COL14A1,CD44
ARF6,PLD1
ARF6,SMAP1
JAM3,ITGB2
JAM3,ITGB1
HSP90B1,ERBB2
HSP90B1,LRP1
HSP90B1,ASGR1
HSP90B1,TLR2
HSP90B1,TLR4
HSP90B1,TLR1
HSP90B1,TLR7
COL6A2,ITGB1
COL6A2,ITGA1
COL6A2,ITGA2
ANGPTL4,GPIHBP1
ANGPTL4,TIE1
FADD,ABCA1
FADD,TRAF2
FADD,FAS
FADD,TRADD
PNOC,ADRA2A
PNOC,MTNR1A
PNOC,GRM7
PNOC,OPRL1
PRL,PRLR
CCL11,CCR2
CCL11,DPP4
CCL11,ACKR2
CCL11,CCR5
CCL11,CCR3
CCL11,ACKR4
CCL11,CXCR3
NRTN,GFRA3
NRTN,RET
NRTN,GFRA2
NRTN,GFRA1
IGF1,IGF2R
IGF1,IGF1R
IGF1,INSR
INSL5,ADRA2A
INSL5,MTNR1A
INSL5,GRM7
INSL5,RXFP4
INSL5,RXFP3
IL16,CCR5
IL16,KCNJ4
IL16,GRIN2B
IL16,KCNJ15
IL16,KCNA3
IL16,KCNJ10
IL16,KCND2
IL16,GRIN2A
IL16,CD4
IL16,KCND1
IL16,GRIN2D
IL16,GRIN2C
HSPA4,TLR4
PCSK9,SORT1
PCSK9,LRP1
PCSK9,LDLR
PCSK9,VLDLR
PCSK9,APLP2
SEMA3E,NRP1
SEMA3E,PLXND1
IL12A,IL12RB1
IL12A,IL12RB2
IL12A,CD28
TRH,TRHR
DEFB4A,TLR4
CD14,ITGB2
CD14,ITGA4
CD14,ITGB1
CD14,TLR6
CD14,TLR4
CD14,RIPK1
CD14,TLR1
COL3A1,ITGB1
COL3A1,ITGA2
COL3A1,DDR2
COL3A1,DDR1
COL3A1,MAG
IL13,IL2RG
IL13,IL13RA2
IL13,IL13RA1
IL13,IL4R
IL13,TMEM219
NLGN2,NRXN1
NLGN2,NRXN3
NLGN2,MDGA1
NLGN2,NRXN2
CXCL10,ADRA2A
CXCL10,MTNR1A
CXCL10,GRM7
CXCL10,DPP4
CXCL10,CCR3
CXCL10,CXCR3
CXCL10,SDC4
BMP1,BMPR2
BMP1,BMPR1A
BMP1,BMPR1B
FGB,ITGB2
FGB,ITGB1
FGB,ITGAM
FGB,ITGAV
FGB,ITGA5
FGB,ITGA2B
FGB,TLR4
FGA,ITGB2
FGA,ITGAD
FGA,ITGB1
FGA,ITGAM
FGA,ITGAV
FGA,PLAUR
FGA,ITGA5
FGA,ITGA2B
FGA,TLR4
FGA,ITGAX
FGA,CDH5
SEMA4C,PLXNB2
CXCL11,ADRA2A
CXCL11,MTNR1A
CXCL11,GRM7
CXCL11,DPP4
CXCL11,CCR3
CXCL11,CXCR3
CXCL11,ACKR3
PRND,RPSA
HAS2,CD44
HAS2,HMMR
NPTX1,NPTXR
RGMB,NEO1
RGMB,BMPR2
RGMB,BMPR1B
F2,ITGA2B
F2,THBD
F2,GP1BA
F2,GP1BB
F2,F2R
F2,F2RL3
F2,F2RL2
F2,F2RL1
F2,GP9
INHBC,ACVR1
INHBC,ACVR2B
INHBC,ACVR1B
INHBC,ACVR2A
CCL19,ADRA2A
CCL19,MTNR1A
CCL19,GRM7
CCL19,ACKR2
CCL19,CCR10
CCL19,ACKR4
CCL19,CXCR3
CCL19,CCRL2
CCL19,CCR7
PLG,ITGB2
PLG,ITGB1
PLG,IGF2R
PLG,ITGAM
PLG,PLAUR
PLG,F3
PLG,FLT1
PLG,F2R
PLG,PLGRKT
PLG,ITGA9
PLG,F2RL1
CLCF1,LIFR
CLCF1,IL6ST
CLCF1,CNTFR
CLCF1,CRLF1
CSHL1,GHR
LPL,CD44
LPL,LRP2
LPL,LRP1
LPL,SDC1
LPL,VLDLR
LPL,GPIHBP1
EFEMP2,PLSCR4
ADAM17,MET
ADAM17,ERBB4
ADAM17,NOTCH1
ADAM17,ITGB1
ADAM17,ITGA5
ADAM17,IL6R
ADAM17,MUC1
ADAM17,RHBDF2
VEGFB,NRP1
VEGFB,RET
VEGFB,FLT1
FGF5,FGFR2
FGF5,FGFR4
FGF5,FGFR1
FGF5,FGFR3
LEP,LRP2
LEP,LEPR
GH1,PRLR
GH1,GHR
GNAI2,ADRA2A
GNAI2,MTNR1A
GNAI2,EGFR
GNAI2,UNC5B
GNAI2,TSHR
GNAI2,CXCR2
GNAI2,CNR1
GNAI2,LHCGR
GNAI2,CAV1
GNAI2,C5AR1
GNAI2,CCR5
GNAI2,CXCR3
GNAI2,CXCR1
GNAI2,MTNR1B
GNAI2,IGF1R
GNAI2,AGTR2
GNAI2,ADCY8
GNAI2,F2R
GNAI2,LPAR3
GNAI2,S1PR5
GNAI2,EDNRA
GNAI2,ADORA1
GNAI2,ADRA2B
GNAI2,FPR1
GNAI2,S1PR3
GNAI2,OPRM1
GNAI2,PTPRU
GNAI2,TBXA2R
GNAI2,EDNRB
GNAI2,DRD2
GNAI2,ADCY7
GNAI2,OPRD1
GNAI2,S1PR4
GNAI2,ADCY9
GNAI2,ADCY1
GNAI2,S1PR1
GNAI2,CHRM1
GNAI2,P2RY12
ANGPT2,TEK
ANGPT2,TIE1
TLN1,ITGB5
CSH1,PRLR
PKM,CD44
CALR,MTNR1A
CALR,TSHR
CALR,MPL
CALR,LRP1
CALR,ITGAV
CALR,ITGA2B
CALR,ITGA3
CALR,HLA
CALR,SCARF1
DEFB103A,CCR2
TAC1,TACR2
TAC1,TACR3
TAC1,TACR1
LPA,ITGB2
LPA,LRP2
LPA,ITGAM
LPA,LPAR1
LPA,LPAR4
LPA,LPAR2
LPA,LPAR3
FGF8,FGFR2
FGF8,FGFR4
FGF8,FGFR1
FGF8,FGFR3
FGF8,FGFRL1
FGF13,EGFR
FGF13,FGFR2
FGF13,FGFR4
FGF13,FGFR1
FGF13,FGFR3
FGF13,SCN5A
FGF13,SCN8A
MMP1,CD44
MMP1,ITGA2
PENK,ADRA2A
PENK,MTNR1A
PENK,GRM7
PENK,OPRM1
PENK,OPRD1
PENK,OPRK1
PENK,OGFR
PENK,MRGPRX1
LAMA3,ITGB1
LAMA3,SDC2
LAMA3,ITGA3
LAMA3,ITGB4
SEMA6D,PLXNA1
SEMA6D,KDR
SEMA6D,TREM2
SEMA6D,TYROBP
MTMR4,SMAD3
WNT11,FZD7
WNT11,MUSK
WNT11,KLRG2
FBN1,ITGB1
FBN1,ITGB6
FBN1,ITGAV
FBN1,ITGA5
PSEN1,NOTCH1
PSEN1,NOTCH4
PSEN1,NOTCH2
PSEN1,NOTCH3
PSEN1,CD44
PSEN1,NCSTN
BGN,TLR2
BGN,TLR4
BGN,TLR1
BGN,LY96
BMP8A,BMPR2
BMP8A,BMPR1A
BMP8A,BMPR1B
CSF1,CSF1R
CSF1,SIRPA
IZUMO1,CD9
P4HB,MTTP
JAG2,NOTCH1
JAG2,NOTCH4
JAG2,NOTCH2
JAG2,NOTCH3
EFNA5,EPHB6
EFNA5,EPHB1
EFNA5,EPHB2
EFNA5,EPHA4
EFNA5,EPHA6
EFNA5,EPHA7
EFNA5,EPHA10
EFNA5,EPHA3
EFNA5,EPHA1
EFNA5,EPHA5
EFNA5,EPHA2
EFNA5,EPHA8
NXPH3,NRXN1
NXPH3,NRXN3
NXPH3,NRXN2
SERPINA7,SLC16A2
NPW,ADRA2A
NPW,MTNR1A
NPW,GRM7
NPW,NPBWR2
NPW,NPBWR1
CTHRC1,FZD6
CTHRC1,FZD5
CTHRC1,FZD3
CNTN2,NRP1
CNTN2,NRCAM
CNTN2,CNTN1
CNTN2,CNTNAP2
BCAN,EGFR
BCAN,NRCAM
GAST,CCKBR
FBLN1,ITGB1
CALCA,PTH1R
CALCA,ADCYAP1R1
CALCA,RAMP2
CALCA,VIPR1
CALCA,RAMP3
CALCA,GPR20
CALCA,ADRB2
CALCA,ADRB3
CALCA,TSHR
CALCA,GPR84
CALCA,CALCR
CALCA,RAMP1
CALCA,CALCRL
COL4A5,ITGB1
COL4A5,ITGAV
COL4A5,ITGA1
COL4A5,ITGA2
COL4A5,CD93
COL4A5,CD47
SLIT3,ROBO2
SLIT3,ROBO1
PMCH,ADRA2A
PMCH,MTNR1A
PMCH,GRM7
PMCH,MCHR1
PMCH,MCHR2
COL7A1,ITGB1
COL7A1,ITGA2
NPB,ADRA2A
NPB,MTNR1A
NPB,GRM7
NPB,NPBWR2
NPB,NPBWR1
GH2,GHR
BTLA,TNFRSF14
BTLA,VTCN1
BTLA,CD247
BTLA,CD79A
TAC4,TACR2
TAC4,TACR3
TAC4,TACR1
FGF3,FGFR2
FGF3,FGFR4
FGF3,FGFR1
FGF3,FGFR3
GHRL,TBXA2R
GHRL,PTGER3
GHRL,MLNR
GHRL,GHSR
GHRL,PTGIR
GHRL,GHRHR
GHRL,GPR39
HSP90AA1,EGFR
HSP90AA1,FGFR3
HSP90AA1,ERBB2
HSP90AA1,LRP1
HSP90AA1,CFTR
FGG,ITGB2
FGG,ITGB1
FGG,ITGAV
FGG,ITGA5
FGG,ITGA2B
FGG,TLR4
CXCL14,CXCR4
EDN3,EDNRA
EDN3,EDNRB
EDN3,KEL
RTN4,RTN4RL1
RTN4,LINGO1
RTN4,TNFRSF19
RTN4,GJB2
RTN4,RTN4R
RTN4,NGFR
RTN4,CNTNAP1
C1QTNF1,AVPR2
DMP1,PHEX
NTN4,DCC
NTN4,UNC5A
WNT7B,LRP5
WNT7B,FZD1
WNT7B,FZD4
WNT7B,TMED5
WNT7B,FZD10
PTN,ALK
PTN,SDC1
PTN,SDC3
PTN,PTPRB
PTN,PTPRZ1
PTN,PTPRS
NCR3LG1,NCR3
COL9A3,ITGB1
COL9A3,MAG
SLPI,PLSCR4
SLPI,CD4
ICAM4,ITGAL
ICAM4,ITGB2
ICAM4,ITGA4
ICAM4,ITGB1
ICAM4,ITGAM
ICAM4,ITGAV
ICAM4,ITGA2B
ICAM4,RHAG
TNFSF13,TNFRSF1A
TNFSF13,SDC2
TNFSF13,TNFRSF11B
TNFSF13,TNFRSF14
TNFSF13,TNFRSF13B
TNFSF13,FAS
TNFSF13,TNFRSF17
HMGB1,CXCR4
HMGB1,SDC1
HMGB1,TLR2
HMGB1,TLR4
HMGB1,THBD
HMGB1,AGER
HMGB1,CD163
FYN,SPN
FYN,THY1
FN1,TSHR
FN1,ITGA4
FN1,CD44
FN1,ITGB7
FN1,ITGB1
FN1,COL13A1
FN1,SDC2
FN1,DPP4
FN1,ITGB6
FN1,ITGAV
FN1,ITGB8
FN1,ITGA6
FN1,ITGA2
FN1,PLAUR
FN1,C5AR1
FN1,ITGA5
FN1,FLT4
FN1,TMPRSS6
FN1,ITGA8
FN1,ITGA2B
FN1,TNFRSF11B
FN1,MAG
FN1,ITGA3
FN1,CD79A
FN1,NT5E
FN1,ITGA9
FN1,IL17RC
FN1,ROBO4
COL18A1,ITGB5
COL18A1,ITGB1
COL18A1,ITGA5
COL18A1,KDR
COL18A1,GPC4
COL18A1,ITGA3
COL18A1,GPC1
HP,ITGB2
HP,ASGR1
HP,ITGAM
HP,TLR4
HP,CD163
HP,CD22
HP,ASGR2
RSPO1,LGR6
RSPO1,LGR4
RSPO1,LGR5
RSPO1,LRP6
RSPO1,FZD8
RSPO1,ZNRF3
RSPO3,LGR6
RSPO3,LGR4
RSPO3,LGR5
RSPO3,LRP6
RSPO3,FZD8
RSPO3,SDC4
ADAM15,ITGB1
ADAM15,ITGAV
ADAM15,ITGA5
ADAM15,ITGA9
CALM1,GRM7
CALM1,EGFR
CALM1,ADCYAP1R1
CALM1,VIPR1
CALM1,SELL
CALM1,CALCR
CALM1,RYR2
CALM1,GRM5
CALM1,HTR2C
CALM1,PTH2R
CALM1,KCNQ3
CALM1,KCNQ5
CALM1,MYLK
CALM1,PDE1A
CALM1,INSR
CALM1,ADCY8
CALM1,PDE1C
CALM1,GP6
CALM1,SCN10A
CALM1,AQP6
CALM1,MYLK2
CALM1,SCN4A
CALM1,CRHR1
CALM1,FAS
CALM1,HMMR
CALM1,OPRM1
CALM1,GRM3
CALM1,GRM4
CALM1,GLP1R
CALM1,TRPC3
CALM1,PTPRA
CALM1,SCTR
CALM1,KCNQ1
CALM1,PDE1B
CALM1,MIP
CALM1,GLP2R
CALM1,TRPC5
CALM1,KCNN4
CALM1,CACNA1C
CALM1,CNGA2
COL9A1,ITGB1
COL9A1,MAG
GIP,PTH1R
GIP,ADCYAP1R1
GIP,RAMP2
GIP,VIPR1
GIP,RAMP3
GIP,GPR20
GIP,ADRB2
GIP,ADRB3
GIP,TSHR
GIP,GPR84
GIP,DPP4
GIP,INSR
GIP,GIPR
APOA4,LRP2
APOA4,LRP1
APOA4,LDLR
SEMA4F,NRP2
GAD1,GRM4
ITIH2,FCER1A
NLGN3,NRXN1
NLGN3,NRXN3
NLGN3,NRXN2
CCL20,ADRA2A
CCL20,MTNR1A
CCL20,GRM7
CCL20,CXCR3
CCL20,CCR6
FGF17,FGFR2
FGF17,FGFR4
FGF17,FGFR1
FGF17,FGFR3
PYY,ADRA2A
PYY,MTNR1A
PYY,GRM7
PYY,DPP4
PYY,NPY5R
PYY,NPY1R
PYY,NPY4R
PYY,FAP
PYY,NPY2R
F8,LRP1
F8,LDLR
F8,ASGR2
COL4A2,ITGB5
COL4A2,CD93
LAMC3,ITGB1
LAMC3,ITGA6
LAMC3,ITGA2
LAMC3,ITGA3
LAMC3,ITGB4
CCL28,ADRA2A
CCL28,MTNR1A
CCL28,GRM7
CCL28,ACKR2
CCL28,CCR10
CCL28,CCR3
CXCL9,ADRA2A
CXCL9,MTNR1A
CXCL9,GRM7
CXCL9,DPP4
CXCL9,CCR3
CXCL9,CXCR3
CXCL9,FCGR2A
CXCL9,KIR2DL3
COL6A1,ITGB1
COL6A1,ITGA6
COL6A1,ITGA1
COL6A1,ITGA2
TGM2,ITGA4
TGM2,ITGB1
TGM2,SDC4
TGM2,TBXA2R
TGM2,ITGA9
CNTF,EGFR
CNTF,LIFR
CNTF,IL6ST
CNTF,IL6R
CNTF,CNTFR
AGT,ADRA2A
AGT,MTNR1A
AGT,GRM7
AGT,LRP2
AGT,AGTR2
AGT,AGTR1
AGT,MAS1
AGT,ENPEP
DLL1,NOTCH1
DLL1,NOTCH4
DLL1,NOTCH2
DLL1,NOTCH3
THBS2,NOTCH4
THBS2,NOTCH3
THBS2,ITGA4
THBS2,ITGB1
THBS2,CD36
THBS2,ITGA6
THBS2,CD47
LEFTY2,ACVR2B
LEFTY2,ACVR1B
LEFTY2,ACVR2A
TGFB2,ACVR1
TGFB2,ENG
TGFB2,TGFBR2
TGFB2,TGFBR1
TGFB2,TGFBR3
C4BPA,LRP1
C4BPA,BMPR2
C4BPA,CD40
VIP,PTH1R
VIP,ADCYAP1R1
VIP,RAMP2
VIP,VIPR1
VIP,RAMP3
VIP,GPR20
VIP,ADRB2
VIP,VIPR2
VIP,ADRB3
VIP,TSHR
VIP,GPR84
VIP,AVPR1A
VIP,DPP4
VIP,RAMP1
VIP,SCTR
VIP,NPR3
CFH,ITGAM
CFH,SELL
PTGS2,CAV1
PTGS2,ALOX5
PTGS2,PTGDR2
FASLG,TNFRSF1A
FASLG,TNFRSF10B
FASLG,FAS
FASLG,TNFRSF6B
XCL1,XCR1
APOA2,LRP2
APOA2,LRP1
APOA2,LDLR
SEMA4A,NRP1
SEMA4A,PLXNB2
SEMA4A,PLXND1
SEMA4A,PLXNB3
SEMA4A,PLXNB1
EFNA1,EPHB6
EFNA1,EPHB1
EFNA1,EPHA4
EFNA1,EPHA6
EFNA1,EPHA7
EFNA1,EPHA10
EFNA1,EPHA3
EFNA1,EPHA1
EFNA1,EPHA5
EFNA1,EPHA2
EFNA1,EPHA8
ADAM12,ITGB1
ADAM12,SDC4
ADAM12,ITGA9
S100A8,ITGB2
S100A8,CD36
S100A8,TLR4
S100A8,AGER
S100A8,CD69
S100A8,CD68
S100A12,CD36
S100A12,TLR4
S100A9,ITGB2
S100A9,CD36
S100A9,TLR4
S100A9,AGER
S100A9,ALCAM
S100A9,CD68
NGF,SORT1
NGF,NTRK1
NGF,SORCS2
NGF,TRPV1
NGF,MAGED1
NGF,SORCS3
NGF,NGFR
NGF,KIDINS220
WNT2B,FZD4
L1CAM,EGFR
L1CAM,FGFR2
L1CAM,ERBB2
L1CAM,EPHB2
L1CAM,ITGAV
L1CAM,ITGA5
L1CAM,ERBB3
L1CAM,CNTN1
COL11A1,ITGB1
COL11A1,ITGA2
COL11A1,DDR1
CD40LG,ITGB2
CD40LG,ITGAM
CD40LG,CD40
CD40LG,TRAF3
BMP5,BMPR2
BMP5,BMPR1A
BMP5,BMPR1B
ITGB3BP,ITGB5
GNAS,VIPR1
GNAS,ADRB3
GNAS,TSHR
GNAS,AVPR2
GNAS,LHCGR
GNAS,HTR6
GNAS,ADCY8
GNAS,CRHR1
GNAS,ADORA1
GNAS,ADCY7
GNAS,GLP1R
GNAS,GCGR
GNAS,PTGIR
GNAS,ADCY9
GNAS,ADCY1
GNAS,PTGDR
ANGPTL3,ITGAV
ANGPTL3,ITGA5
RBP4,STRA6
COL5A1,ITGB1
COL5A1,ITGA1
COL5A1,SDC3
CEL,CXCR4
SFTPD,TLR4
SFTPD,SIRPA
SFTPD,LY96
MMP9,ITGB2
MMP9,EPHB2
MMP9,CD44
MMP9,LRP1
MMP9,ITGAM
MMP9,IFNAR1
MMP9,RECK
EDN2,EDNRA
EDN2,EDNRB
EDN2,KEL
SPTAN1,PTPRA
COL9A2,ITGB1
COL9A2,MAG
PLAU,ITGB2
PLAU,ITGB5
PLAU,LRP2
PLAU,ITGB1
PLAU,IGF2R
PLAU,LRP1
PLAU,ITGAM
PLAU,ITGAV
PLAU,ST14
PLAU,PLAUR
PLAU,ITGA5
PLAU,VLDLR
PLAU,ITGA3
PLAU,MRC2
BMP8B,PLAUR
BMP8B,BMPR2
BMP8B,BMPR1A
BMP8B,BMPR1B
ANGPTL2,TIE1
ANGPTL2,LILRB2
GHRH,PTH1R
GHRH,ADCYAP1R1
GHRH,RAMP2
GHRH,VIPR1
GHRH,RAMP3
GHRH,GPR20
GHRH,ADRB2
GHRH,ADRB3
GHRH,TSHR
GHRH,GPR84
GHRH,GHRHR
COL16A1,ITGB1
TNFSF15,TNFRSF25
TNFSF15,TNFRSF6B
GDF5,ACVR1
GDF5,ROR2
GDF5,ACVR2B
GDF5,BMPR2
GDF5,BMPR1A
GDF5,BMPR1B
GDF5,ACVR2A
EDA,EDA2R
EDA,EDAR
HSPG2,FGFR1
HSPG2,LRP2
HSPG2,ITGB1
HSPG2,COL13A1
HSPG2,LRP1
HSPG2,SDC1
HSPG2,ITGA2
HSPG2,PTPRS
COL5A2,ITGB1
COL5A2,ITGA1
COL5A2,DDR1
F10,ITGB2
F10,ITGAM
F10,F3
SYK,LAT
SYK,FCGR2A
COL4A1,ITGB1
COL4A1,ITGAV
COL4A1,ITGB8
COL4A1,ITGA1
COL4A1,ITGA2
COL4A1,CD93
COL4A1,CD47
FGF14,FGFR2
FGF14,FGFR4
FGF14,FGFR1
FGF14,FGFR3
HLA,C
HLA,C
HLA,C
HLA,C
HLA,C
HLA,C
HLA,C
HLA,C
HLA,C
HLA,E
HLA,E
HLA,E
HLA,E
HLA,E
ANXA1,ADRA2A
ANXA1,MTNR1A
ANXA1,FPR3
ANXA1,GRM7
ANXA1,EGFR
ANXA1,DYSF
ANXA1,FPR2
ANXA1,FPR1
IL31,OSMR
IL31,IL31RA
CORT,ADRA2A
CORT,MTNR1A
CORT,GRM7
CORT,SSTR5
CORT,SSTR2
CORT,SSTR3
CORT,GHSR
CORT,SSTR4
CORT,SSTR1
CORT,MRGPRX2
ACTR2,ADRB2
ACTR2,LRP2
ACTR2,LDLR
NDP,LGR4
NDP,FZD4
CCL7,CCR2
CCL7,ACKR2
CCL7,CCR1
CCL7,CCR5
CCL7,CCR10
CCL7,CCR3
CCL7,ACKR4
CCL7,CXCR3
GDF9,TGFBR1
GDF9,BMPR2
GDF9,BMPR1A
GDF9,BMPR1B
GDF9,ACVR2A
BMP2,ACVR1
BMP2,ENG
BMP2,ACVR2B
BMP2,BMPR2
BMP2,BMPR1A
BMP2,BMPR1B
BMP2,ACVR2A
BMP2,SMO
BMP2,GPC1
AGRN,LRP2
AGRN,ITGB1
AGRN,LRP1
AGRN,LRP4
AGRN,MUSK
AGRN,ATP1A3
INSL3,PTH1R
INSL3,ADCYAP1R1
INSL3,RAMP2
INSL3,VIPR1
INSL3,RAMP3
INSL3,GPR20
INSL3,ADRB2
INSL3,ADRB3
INSL3,TSHR
INSL3,GPR84
INSL3,RXFP2
INSL3,RXFP1
AVP,PTH1R
AVP,ADCYAP1R1
AVP,RAMP2
AVP,VIPR1
AVP,RAMP3
AVP,GPR20
AVP,ADRB2
AVP,ADRB3
AVP,TSHR
AVP,GPR84
AVP,LRP2
AVP,AVPR2
AVP,AVPR1B
AVP,AVPR1A
AVP,OXTR
AVP,LDLR
UCN3,IL10RB
UCN3,CRHR2
UCN3,CRHR1
SHBG,CLDN4
SHBG,GPRC6A
SHBG,SLC37A1
COL2A1,ITGB1
COL2A1,ITGA1
COL2A1,ITGA2
COL2A1,DDR1
COL2A1,ITGA2B
COL2A1,MAG
COL2A1,TNFRSF10A
COL2A1,ITGA10
RLN2,PTH1R
RLN2,ADCYAP1R1
RLN2,RAMP2
RLN2,VIPR1
RLN2,RAMP3
RLN2,GPR20
RLN2,ADRB2
RLN2,ADRB3
RLN2,TSHR
RLN2,GPR84
RLN2,RXFP2
RLN2,RXFP1
RLN2,RXFP3
ZG16B,CXCR4
ZG16B,TLR2
ZG16B,TLR4
ZG16B,TLR5
FGF9,FGFR2
FGF9,FGFR4
FGF9,FGFR1
FGF9,FGFR3
SEMA5A,MET
SEMA5A,PLXNB3
RPH3A,NRXN1
LAMA1,ITGB1
LAMA1,SDC2
LAMA1,ITGB8
LAMA1,ITGA7
LAMA1,ITGA6
LAMA1,ITGA1
LAMA1,ITGA2
LAMA1,TMPRSS6
LAMA1,SDC4
LAMA1,RPSA
LAMA1,ITGA3
LAMA1,ITGB4
LAMA1,NT5E
LAMA1,GPC1
CCL25,ADRA2A
CCL25,MTNR1A
CCL25,GRM7
CCL25,ACKR2
CCL25,CCR10
CCL25,ACKR4
CCL25,CCR9
LAMB3,ITGB1
LAMB3,ITGA6
LAMB3,ITGA2
LAMB3,CD151
LAMB3,COL17A1
LAMB3,ITGA3
LAMB3,ITGB4
CSH2,PRLR
IL1F10,IL1RL2
IL1F10,IL1R1
CCL8,CCR2
CCL8,ACKR2
CCL8,CCR1
CCL8,CCR5
CCL8,CCR3
CCL8,ACKR4
COL4A6,ITGB1
COL4A6,ITGAV
COL4A6,ITGA1
COL4A6,ITGA2
COL4A6,CD93
COL4A6,CD47
CCL26,CCR2
CCL26,CCR1
CCL26,CCR3
SPP1,ITGB5
SPP1,ITGA4
SPP1,CD44
SPP1,ITGB1
SPP1,ITGAV
SPP1,ITGA5
SPP1,ITGA9
SPP1,PTGER4
LGALS9,CD44
LGALS9,CD47
LGALS9,SLC1A5
LGALS9,MRC2
LGALS9,HAVCR2
ADM2,PTH1R
ADM2,ADCYAP1R1
ADM2,RAMP2
ADM2,VIPR1
ADM2,RAMP3
ADM2,GPR20
ADM2,ADRB2
ADM2,ADRB3
ADM2,TSHR
ADM2,GPR84
ADM2,CALCR
ADM2,RAMP1
ADM2,CALCRL
CXCL12,ADRA2A
CXCL12,MTNR1A
CXCL12,GRM7
CXCL12,CXCR4
CXCL12,ITGB1
CXCL12,AVPR1A
CXCL12,CCR4
CXCL12,DPP4
CXCL12,CXCR3
CXCL12,SDC4
CXCL12,CD4
CXCL12,ACKR3
BMP7,ACVR1
BMP7,ENG
BMP7,ACVR2B
BMP7,BMPR2
BMP7,BMPR1A
BMP7,BMPR1B
BMP7,ACVR2A
COL4A3,ITGB1
COL4A3,ITGAV
COL4A3,ITGA1
COL4A3,ITGA2
COL4A3,CD93
COL4A3,CD47
COL4A3,ITGA3
COL4A4,ITGB1
COL4A4,ITGAV
COL4A4,ITGA1
COL4A4,ITGA2
COL4A4,CD93
COL4A4,CD47
HLA,A
HLA,A
HLA,A
HLA,A
HLA,A
HLA,A
HLA,A
HLA,A
HLA,A
HLA,A
HLA,A
CNTN4,PTPRG
TCTN1,TMEM67
PDCD1LG2,PDCD2
PDCD1LG2,PDCD1
NPS,PTH1R
NPS,ADCYAP1R1
NPS,RAMP2
NPS,VIPR1
NPS,RAMP3
NPS,GPR20
NPS,ADRB2
NPS,ADRB3
NPS,TSHR
NPS,GPR84
NPS,NPSR1
TNFSF11,LGR4
TNFSF11,TNFRSF11B
TNFSF11,TNFRSF11A
DSCAM,DCC
POMC,ADRA2A
POMC,MTNR1A
POMC,GRM7
POMC,PTH1R
POMC,ADCYAP1R1
POMC,RAMP2
POMC,VIPR1
POMC,RAMP3
POMC,GPR20
POMC,ADRB2
POMC,ADRB3
POMC,TSHR
POMC,GPR84
POMC,MC2R
POMC,MC4R
POMC,MC5R
POMC,OPRM1
POMC,MC1R
POMC,OPRD1
POMC,MC3R
POMC,OPRK1
NPY,ADRA2A
NPY,MTNR1A
NPY,GRM7
NPY,PRLHR
NPY,DPP4
NPY,NPFFR2
NPY,MC4R
NPY,NPY5R
NPY,NPY1R
NPY,NPY4R
NPY,FAP
NPY,NPY2R
NXPH1,NRXN1
NXPH1,NRXN3
NXPH1,NRXN2
SAA1,ADRA2A
SAA1,MTNR1A
SAA1,GRM7
SAA1,TLR2
SAA1,SCARB1
SAA1,FPR2
SAA1,FPR1
MDK,ALK
MDK,ITGA4
MDK,LRP2
MDK,ITGB1
MDK,LRP1
MDK,SDC1
MDK,ITGA6
MDK,SDC4
MDK,SDC3
MDK,SORL1
MDK,PTPRZ1
MDK,GPC2
MDK,TSPAN1
TF,ADRB2
TF,LRP2
TF,LDLR
TF,TFRC
TF,TFR2
TF,HFE
ARTN,GFRA3
ARTN,RET
ARTN,GFRA2
ARTN,GFRA1
GCG,PTH1R
GCG,ADCYAP1R1
GCG,RAMP2
GCG,VIPR1
GCG,RAMP3
GCG,GPR20
GCG,ADRB2
GCG,ADRB3
GCG,TSHR
GCG,GPR84
GCG,DPP4
GCG,GLP1R
GCG,GCGR
GCG,GLP2R
ADIPOQ,GPR42
ADIPOQ,ADIPOR1
ADIPOQ,ADIPOR2
ADIPOQ,CNR2
PTPN6,CD300LF
PTPN6,FCRL4
PTPN6,CLEC12A
APLN,ADRA2A
APLN,MTNR1A
APLN,GRM7
APLN,APLNR
NLGN1,NRXN1
NLGN1,NRXN3
NLGN1,NRXN2
CLEC2A,KLRF2
C4A,C5AR2
C4A,C3AR1
C4A,CR1
NTF3,NTRK1
NTF3,NGFR
NTF3,NTRK2
NTF3,NTRK3
RLN3,ADRA2A
RLN3,MTNR1A
RLN3,GRM7
RLN3,PTH1R
RLN3,ADCYAP1R1
RLN3,RAMP2
RLN3,VIPR1
RLN3,RAMP3
RLN3,GPR20
RLN3,ADRB2
RLN3,ADRB3
RLN3,TSHR
RLN3,GPR84
RLN3,RXFP2
RLN3,RXFP1
RLN3,RXFP4
RLN3,RXFP3
TNF,TNFRSF1A
TNF,TNFRSF1B
TNF,NOTCH1
TNF,FLT4
TNF,RIPK1
TNF,TRAF2
TNF,TNFRSF21
TNF,FAS
TNF,TRADD
TNF,PTPRS
TNF,FFAR2
TNF,CELSR2
TNF,ICOS
TNF,TRPM2
HLA,B
HLA,B
HLA,B
HLA,B
HLA,B
HLA,B
HLA,B
HLA,B
HLA,B
HLA,B
FGF16,FGFR2
FGF16,FGFR4
FGF16,FGFR1
FGF16,FGFR3
LAMA2,ITGB1
LAMA2,ITGA7
LAMA2,ITGA6
LAMA2,ITGA1
LAMA2,ITGA2
LAMA2,RPSA
LAMA2,ITGA3
LAMA2,ITGB4
CCL24,CCR2
CCL24,ACKR2
CCL24,CCR3
HRAS,SDC2
HRAS,CAV1
HRAS,TLR2
HRAS,INSR
HRAS,AGTR1
HRAS,GRIN2D
GDNF,GFRA3
GDNF,RET
GDNF,GFRA2
GDNF,GFRA1
GDNF,EDNRB
HLA,G
HLA,G
HLA,G
HLA,G
HLA,G
HLA,G
HLA,G
EFNA4,EPHA4
EFNA4,EPHA6
EFNA4,EPHA7
EFNA4,EPHA10
EFNA4,EPHA3
EFNA4,EPHA1
EFNA4,EPHA5
EFNA4,EPHA2
EFNA4,EPHA8
ICAM2,ITGAL
ICAM2,ITGB2
ICAM2,ITGAM
FSHB,PTH1R
FSHB,ADCYAP1R1
FSHB,RAMP2
FSHB,VIPR1
FSHB,RAMP3
FSHB,GPR20
FSHB,ADRB2
FSHB,ADRB3
FSHB,TSHR
FSHB,GPR84
FSHB,FSHR
RARRES2,CCRL2
RARRES2,GPR1
RARRES2,CMKLR1
LRPAP1,SORT1
LRPAP1,LRP2
LRPAP1,LRP1
LRPAP1,LDLR
LRPAP1,VLDLR
LRPAP1,LRP8
LRPAP1,SORL1
HSPA8,ADRB2
HSPA8,LRP2
HSPA8,LDLR
CALCB,PTH1R
CALCB,ADCYAP1R1
CALCB,RAMP2
CALCB,VIPR1
CALCB,RAMP3
CALCB,GPR20
CALCB,ADRB2
CALCB,ADRB3
CALCB,TSHR
CALCB,GPR84
CALCB,CALCR
CALCB,RAMP1
CALCB,CALCRL
ADM,PTH1R
ADM,ADCYAP1R1
ADM,RAMP2
ADM,VIPR1
ADM,RAMP3
ADM,GPR20
ADM,ADRB2
ADM,ADRB3
ADM,TSHR
ADM,GPR84
ADM,CALCR
ADM,RAMP1
ADM,CALCRL
ADM,GPR182
PTHLH,PTH1R
PTHLH,ADCYAP1R1
PTHLH,RAMP2
PTHLH,VIPR1
PTHLH,RAMP3
PTHLH,GPR20
PTHLH,ADRB2
PTHLH,ADRB3
PTHLH,TSHR
PTHLH,GPR84
PTHLH,PTH2R
ADCYAP1,PTH1R
ADCYAP1,ADCYAP1R1
ADCYAP1,RAMP2
ADCYAP1,VIPR1
ADCYAP1,RAMP3
ADCYAP1,GPR20
ADCYAP1,ADRB2
ADCYAP1,VIPR2
ADCYAP1,ADRB3
ADCYAP1,TSHR
ADCYAP1,GPR84
ADCYAP1,DPP4
ADCYAP1,SCTR
CGA,PTH1R
CGA,ADCYAP1R1
CGA,RAMP2
CGA,VIPR1
CGA,RAMP3
CGA,GPR20
CGA,ADRB2
CGA,ADRB3
CGA,TSHR
CGA,GPR84
CGA,LHCGR
CGA,FSHR
S100A10,CFTR
S100A10,TRPV6
SHANK2,CFTR
LGALS8,ITGA3
RELN,ITGB1
RELN,VLDLR
RELN,LRP8
RELN,ITGA3
LAMB2,ITGB1
LAMB2,RPSA
LAMB2,ITGA3
LAMB2,ITGB4
ADAM9,ITGB5
ADAM9,ITGB1
ADAM9,ITGAV
ADAM9,ITGA6
ADAM9,ITGA3
S100A4,EGFR
S100A4,ERBB2
S100A4,CCR5
S100A4,PGLYRP1
CPAMD8,SCTR
TNFSF13B,TFRC
TNFSF13B,TNFRSF13B
TNFSF13B,CD40
TNFSF13B,TNFRSF17
TNFSF13B,TNFRSF13C
CALML3,KCNQ1
LTA,TNFRSF1A
LTA,TNFRSF1B
LTA,TNFRSF14
LTA,RIPK1
LTA,LTBR
LTB,TNFRSF1A
LTB,CD40
LTB,LTBR
NTF4,NTRK1
NTF4,NGFR
NTF4,NTRK2
BDNF,SORT1
BDNF,NGFR
BDNF,DRD4
BDNF,NTRK2
FGF1,NRP1
FGF1,EGFR
FGF1,FGFR2
FGF1,FGFR4
FGF1,FGFR1
FGF1,FGFR3
FGF1,CD44
FGF1,FGFRL1
FGF1,TGFBR3
FAM3C,GLRA2
FAM3C,LAMP1
MLN,MLNR
RIMS1,SLC17A7
RIMS1,CACNA1C
RIMS1,SLC18A2
RIMS1,SLC18A3
KLK3,EPOR
C1QB,LRP1
C1QB,C1QBP
GNRH2,GNRHR
GNRH1,GNRHR
IL22,IL10RB
IL22,IL21R
IL22,IL10RA
IL22,IL22RA1
IL22,IL22RA2
IL10,IL10RB
IL10,IL10RA
TNFSF14,TNFRSF14
TNFSF14,TNFRSF6B
TNFSF14,LTBR
CLEC2D,KLRB1
IL33,IL1RL1
KISS1,KISS1R
KISS1,MMP24
PDYN,ADRA2A
PDYN,MTNR1A
PDYN,GRM7
PDYN,OPRM1
PDYN,OPRD1
PDYN,OPRK1
PODXL2,SELL
CD34,SELL
CD34,SELP
MUC7,SELL
PODXL,SELL
MICB,KLRK1
MICA,KLRK1
RAET1L,KLRK1
ULBP2,KLRK1
ULBP3,KLRK1
RAET1E,KLRK1
RAET1G,KLRK1
GDF2,ACVR1
GDF2,ENG
GDF2,ACVRL1
GDF2,ACVR2B
GDF2,BMPR2
GDF2,ACVR2A
FLT3LG,FLT3
CD55,CR1
GPC3,LRP2
GPC3,LRP1
GPC3,CD81
GPC3,IGF1R
PDGFB,LRP1
PDGFB,ITGAV
PDGFB,PDGFRB
PDGFB,ART1
PDGFB,PDGFRA
PDGFB,S1PR1
A2M,LRP1
SERPINA1,LRP1
SERPINE2,LRP1
MMP13,LRP1
FCN2,LRP1
HPX,LRP1
LIPC,LRP1
PSAP,SORT1
PSAP,LRP1
PSAP,AR
PSAP,GPR37
PSAP,GPR37L1
PSAP,CD1B
ASIP,MC2R
ASIP,MC4R
ASIP,MC5R
ASIP,MC1R
ASIP,MC3R
ASIP,MGRN1
ASIP,ATRN
SFTPA2,CD93
MBL2,CD93
MBL2,CALCR
C1QA,CD93
C1QA,CR1
C1QA,CSPG4
IGFL2,IGFLR1
IGFL1,IGFLR1
IGFL3,IGFLR1
GSTP1,EGFR
GSTP1,TRAF2
GALP,GALR2
GALP,GALR1
GALP,GALR3
NTNG2,LRRC4
NTNG2,LRRC4C
CCL5,ADRA2A
CCL5,MTNR1A
CCL5,GRM7
CCL5,CCR4
CCL5,ACKR2
CCL5,SDC1
CCL5,CCR1
CCL5,CCR5
CCL5,CCR3
CCL5,ACKR4
CCL5,CXCR3
CCL5,SDC4
CCL5,CCRL2
CCL5,GPR75
GUCA2B,GUCY2D
GUCA2B,GUCY2C
CLEC3A,CLEC10A
NMS,ADRA2A
NMS,MTNR1A
NMS,GRM7
NMS,NMUR1
NMS,NMUR2
ARF1,CHRM3
ARF1,PLD2
ARF1,INSR
VEGFC,NRP2
VEGFC,ITGB1
VEGFC,FLT4
VEGFC,KDR
VEGFC,FLT1
VEGFC,CCBE1
VEGFC,LYVE1
VEGFC,ITGA9
DLK1,NOTCH1
DLK1,NOTCH2
DLK1,NOTCH3
MFNG,NOTCH1
MFNG,NOTCH2
CCL16,ADRA2A
CCL16,MTNR1A
CCL16,GRM7
CCL16,CCR2
CCL16,CCR8
CCL16,CCR1
CCL16,CCR5
CCL16,HRH4
DSC3,DSG2
DSC3,DSG3
DSC3,DSG1
DSC2,DSG2
DSC2,DSG1
PDGFC,PDGFRB
PDGFC,FLT4
PDGFC,KDR
PDGFC,FLT1
PDGFC,PDGFRA
PDGFD,PDGFRB
PDGFD,PDGFRA
PDGFA,PDGFRB
PDGFA,PDGFRA
FGF21,FGFR2
FGF21,FGFR4
FGF21,FGFR1
FGF21,FGFR3
FGF21,KLB
NMB,GRPR
NMB,BRS3
NMB,NMBR
B2M,TFRC
B2M,CD247
B2M,LILRB2
B2M,CD3G
B2M,KIR3DL1
B2M,KLRC2
B2M,KLRD1
B2M,KLRC1
B2M,HFE
B2M,HLA
B2M,CD1A
B2M,CD3D
B2M,LILRB1
B2M,KIR2DL1
B2M,KIR2DL3
B2M,CD1B
SFTPA1,TLR2
RNASE2,TLR2
EDIL3,ITGB5
EDIL3,ITGAV
AZGP1,ITGAV
VEGFA,NRP1
VEGFA,NRP2
VEGFA,EGFR
VEGFA,EPHB2
VEGFA,ITGB1
VEGFA,ITGAV
VEGFA,KDR
VEGFA,RET
VEGFA,SIRPA
VEGFA,FLT1
VEGFA,GRIN2B
VEGFA,TYRO3
VEGFA,GPC1
VEGFA,ITGA9
CP,SLC40A1
GUCA2A,GUCY2C
SOSTDC1,LRP6
WNT9B,LRP6
SOST,LRP6
SOST,LRP5
DKK1,LRP6
DKK1,LRP5
DKK1,KREMEN2
DKK1,KREMEN1
CRISP3,A1BG
HSPA1A,TLR4
HSPA1A,GRIN2D
IL27,IL27RA
GAS6,AXL
GAS6,TYRO3
GAS6,MERTK
PROS1,AXL
PROS1,TYRO3
PROS1,MERTK
GC,LRP2
ALB,LRP2
INS,LRP2
INS,IGF1R
INS,INSR
INS,LILRB2
INS,LILRB1
CUBN,LRP2
SCGB1A1,LRP2
SCGB1A1,LMBR1L
LCN2,LRP2
GREM1,KDR
NRG1,EGFR
NRG1,ERBB4
NRG1,ERBB2
NRG1,LGR4
NRG1,ERBB3
NRG1,GPC1
NRG1,MS4A4A
SERPINC1,SDC2
SERPINC1,GPC1
SLIT2,DCC
SLIT2,SDC1
SLIT2,ROBO2
SLIT2,ROBO1
SLIT2,GPC1
SLIT2,ROBO4
CD274,CD80
CD274,PDCD1
NPPC,NPR3
NPPC,NPR2
NPPC,NPR1
NPPB,DPP4
NPPB,NPR3
NPPB,NPR2
NPPB,NPR1
OSTN,NPR3
NPPA,NPR3
NPPA,NPR2
NPPA,NPR1
SEMA3B,NRP1
SEMA3B,NRP2
PGF,NRP1
PGF,NRP2
PGF,FLT1
NCAM1,FGFR2
NCAM1,FGFR1
NCAM1,GFRA1
NCAM1,ROBO1
NCAM1,PTPRA
NCAM1,CACNA1C
NRG3,ERBB4
NRG3,ERBB2
NRG3,ERBB3
AREG,EGFR
AREG,ERBB3
NRG2,ERBB4
NRG2,ERBB2
NRG2,ERBB3
BTC,EGFR
BTC,ERBB4
BTC,ERBB2
BTC,ERBB3
IGF2,IGF2R
IGF2,IGF1R
IGF2,INSR
SEMA4D,MET
SEMA4D,ERBB2
SEMA4D,PLXNB2
SEMA4D,PLXNB1
SEMA4D,CD72
NRG4,EGFR
NRG4,ERBB4
NRG4,ERBB2
IFNW1,IFNAR2
IFNW1,IFNAR1
IFNA16,IFNAR2
IFNA16,IFNAR1
IFNA14,IFNAR2
IFNA14,IFNAR1
IFNA17,IFNAR2
IFNA17,IFNAR1
IFNA4,IFNAR2
IFNA4,IFNAR1
IFNA13,IFNAR2
IFNA13,IFNAR1
IFNA5,IFNAR2
IFNA5,IFNAR1
IFNB1,IFNAR2
IFNB1,IFNAR1
IFNA6,IFNAR2
IFNA6,IFNAR1
IFNA10,IFNAR2
IFNA10,IFNAR1
IFNA8,IFNAR2
IFNA8,IFNAR1
IFNE,IFNAR2
IFNE,IFNAR1
IFNA21,IFNAR2
IFNA21,IFNAR1
IFNA2,IFNAR2
IFNA2,IFNAR1
IL20,IL20RA
IL20,IL22RA1
IL20,IL20RB
IL24,IL10RB
IL24,IL20RA
IL24,IL22RA1
IL24,IL20RB
PTPN11,FCRL4
ZP3,EGFR
EFEMP1,EGFR
FGL1,EGFR
ARF4,EGFR
ANG,EGFR
LRIG2,EGFR
EPGN,EGFR
DLK2,NOTCH1
MFAP5,NOTCH1
MFAP2,NOTCH1
RBP3,NOTCH1
NTNG1,LRRC4C
SPINT1,ST14
CXCL2,ADRA2A
CXCL2,MTNR1A
CXCL2,GRM7
CXCL2,CXCR2
CXCL2,DPP4
CXCL2,CXCR1
CXCL2,XCR1
CXCL1,ADRA2A
CXCL1,MTNR1A
CXCL1,GRM7
CXCL1,CXCR2
CXCL1,CXCR1
PPY,ADRA2A
PPY,MTNR1A
PPY,GRM7
PPY,NPY5R
PPY,NPY1R
PPY,NPY4R
PPY,NPY2R
SORBS1,ITGB5
SORBS1,ITGA1
SORBS1,INSR
MATN1,ITGA1
PLA2G10,PLA2R1
IL34,CSF1R
IL25,IL17RB
IFNL2,IL10RB
IFNL2,IFNLR1
IFNL1,IL10RB
IFNL1,IFNLR1
IFNL3,IL10RB
IFNL3,IFNLR1
GPI,AMFR
DEFB106A,CCR2
CCL14,ACKR2
CCL14,CCR1
CCL14,CCR5
CCL14,CCR3
CCL3,CCR4
CCL3,ACKR2
CCL3,CCR1
CCL3,CCR5
CCL3,CCR3
CCL3L3,ACKR2
CCL3L3,CCR5
CCL4,ACKR2
CCL4,CCR8
CCL4,CCR1
CCL4,CCR5
CCL4,CCR3
CCL4,CNR2
FGF12,FGFR2
FGF12,FGFR4
FGF12,FGFR1
FGF12,FGFR3
ANGPT1,ITGB1
ANGPT1,ITGA5
ANGPT1,TEK
ANGPT1,TIE1
WNT8A,LRP5
WNT8B,LRP5
CGB5,LHCGR
CCK,CCKBR
CCK,CCKAR
IL17A,IL17RC
IL17A,IL17RA
IL17F,IL17RC
IL17F,IL17RA
CCL15,CCR1
CCL15,CCR3
CCL23,ACKR2
CCL23,CCR1
CCL18,CCR8
CCL18,CCR1
CCL18,CCR3
LTBP3,ITGB5
LTBP1,ITGB5
MST1,MST1R
CHAD,ITGB1
CHAD,ITGA2
NUCB2,ERAP1
FAT4,DCHS1
TAC3,TACR2
TAC3,TACR3
TAC3,TACR1
AHSG,INSR
CD86,CD28
CD86,CTLA4
ACE2,SLC6A19
CD6,ALCAM
TSLP,IL7R
CER1,MRC2
CRISP2,CATSPER1
XCL2,XCR1
CD200,CD200R1
C4B,CD46
C4B,CR1
IL19,IL20RA
IL19,IL20RB
EDN1,EDNRA
EDN1,EDNRB
EDN1,KEL
ICOSLG,ICOS
SEMA4B,DCBLD2
UTS2B,UTS2R
PDX1,SLC2A2
PTMA,VIPR1
TNFSF18,TNFRSF18
F11,GP1BA
APOD,LEPR
DKK3,KREMEN1
OBP2A,OR1G1
BSG,SELE
AMELX,LAMP1
IL6,IL6ST
IL6,F3
IL6,IL6R
IL6,HRH1
F7,F3
RGMA,NEO1
RGMA,BMPR2
RGMA,BMPR1B
RGMA,TFR2
RGMA,HFE
MMP12,PLAUR
WNT5B,KLRG2
CD5L,CD5
PIGA,PIGR
GSTO1,RYR1
ADA,DPP4
CEACAM16,TECTB
CEACAM16,TECTA
CD58,CD2
CD59,CD2
ANGPT4,TEK
ANGPT4,TIE1
IRAK4,TLR6
IRAK4,TLR4
IRAK4,TLR7
ALOX5AP,ALOX5
COLQ,MUSK
PLTP,ABCA1
NPNT,ITGB1
NPNT,ITGA8
MEPE,PHEX
COL8A2,SLC4A11
SPTBN2,PTPRA
APOC1,VLDLR
APOC4,VLDLR
QRFP,QRFPR
DSPP,ITGB1
SPON2,ITGB2
SPON2,ITGAM
SYTL3,NRXN1
PRG4,CD44
VIM,CD44
CXCL17,GPR35
GDF10,ACVR1B
TFPI,CNR1
LYZ,CNR1
VWF,CNR1
WNT3,ADRA2A
CD70,CNR1
NDP,ADRA2A
PRL,ADRA2A
THBS1,CNR1
PDCD1LG2,CX3CR1
CCL1,ADRA2A
TNC,CNR1
ST6GAL1,CNR1
ANGPTL2,CX3CR1
DEFB106A,ADRA2A
GDF7,OXTR
PIP,OXTR
ADAM15,OXTR
IL1F10,ADRA2A
NDP,CX3CR1
PDCD1LG2,ADRA2A
SEMA3C,CNR1
WNT3A,CNR1
CCL18,CNR1
FYN,OXTR
CCL17,CNR1
TAC1,CNR1
COL9A2,GRM7
FYN,GRM7
TNFSF4,ADRA2A
SERPINC1,CNR1
TNFSF4,CX3CR1
NUCB2,CNR1
CCL1,CX3CR1
HSPA8,ADRA2A
CTHRC1,CNR1
VIP,CNR1
F8,CNR1
ANGPTL2,ADRA2A
EGF,CNR1
IL11,OXTR
CALCB,ADRA2A
SFTPD,CNR1
C4A,GRM7
ST6GAL1,OXTR
WNT3,CX3CR1
BST1,CNR1
GDF7,TNFRSF10C
RGMB,CNR1
PPY,CNR1
EFNB2,GRM7
IL11,CNR1
PRL,CX3CR1
THPO,GRM7
PGF,CNR1
BMP8B,CNR1
CCL22,ADRA2A
COL5A2,CNR1
FGF23,GRM7
CCL14,ADRA2A
P4HB,CNR1
FBLN1,ADRA2A
EFEMP2,GRM7
MMP7,ITGA1
GAS6,CNR1
SERPINE1,CNR1
EFNB2,CNR1
EREG,GRM7
HSPA4,CNR1
GH1,CNR1
TNFSF11,CNR1
PGF,GRM7
GDF9,GRM7
SEMA4G,CNR1
CLEC2A,CNR1
SFRP1,GRM7
LEFTY2,GRM7
SEMA3C,OXTR
C4BPA,ADRA2A
IL1F10,CX3CR1
FGF18,ADRA2A
MDK,OXTR
CFH,CNR1
EFNA4,GRM7
CD200,CNR1
TIMP1,CNR1
CSHL1,CNR1
LEFTY2,CNR1
GAD1,CNR1
FGF10,OXTR
MMP7,GRM7
INSL5,CNR1
PYY,CNR1
CSHL1,GRM7
INHBA,GRM7
MDK,CNR1
F7,GRM7
COL14A1,GRM7
BST2,GRM7
DMP1,CNR1
RBP4,ITGA1
EFEMP2,OXTR
COL6A1,OXTR
NTNG1,CNR1
HLA,A
EFNB3,GRM7
COL5A2,GRM7
TNF,CNR1
IL5,CNR1
ANGPT2,CNR1
NUCB2,OXTR
LYZ,GRM7
WNT6,GRM7
PDCD1LG2,FPR3
INS,CNR1
PTHLH,ADRA2A
HSPA8,CX3CR1
WNT2B,CNR1
RIMS2,CNR1
NMB,CX3CR1
LAMB3,CNR1
TNC,OXTR
TFPI,GRM7
CCL7,GRM7
TAC1,OXTR
LTBP3,CNR1
HLA,C
COL4A1,GRM7
WNT3A,GRM7
BMP1,OXTR
DSC2,GRM7
FGF9,CNR1
BTLA,CX3CR1
DLL1,OXTR
BST1,OXTR
THBS1,OXTR
COL18A1,GRM7
COL9A1,ADRA2A
NID2,GRM7
SFRP1,CNR1
CD70,GRM7
HSP90AA1,OXTR
GDF7,CNR1
PIP,CNR1
ADAM15,CNR1
AGT,CNR1
BMP1,GRM7
DLL1,ITGA1
CCL1,FPR3
OBP2A,OXTR
EFNB3,OXTR
NODAL,VIPR2
SEMA3D,GRM7
IFNL3,CNR1
OBP2A,GRM7
LIF,OXTR
COL6A1,GRM7
IL6,GRM7
BMP6,CNR1
COL4A5,CNR1
GSTP1,ADRA2A
PKM,CNR1
FARP2,OXTR
CCL17,GRM7
HPX,GRM7
FGF16,GRM7
LIF,CNR1
TNFSF12,GRM7
GDF7,GPR20
PIP,GPR20
ADAM15,GPR20
VCAN,OXTR
KNG1,OXTR
SERPINE1,OXTR
BMP2,ITGA1
WNT2B,OXTR
BST1,GRM7
COMP,GRM7
GDF7,RYR2
PIP,RYR2
ADAM15,RYR2
TIMP3,GRM7
FST,ADRA2A
INHBB,GRM7
POMC,CNR1
RARRES2,GRM7
AREG,CNR1
CCL27,CNR1
CCL23,ADRA2A
BMP8A,CNR1
PGF,OXTR
CCL1,VIPR2
LAMB2,OXTR
GSTO1,GRM7
COL9A1,CX3CR1
CTHRC1,GRM7
COL8A2,CNR1
S100A10,CNR1
EGF,OXTR
TNF,GRM7
LMAN1,CNR1
TGFB2,CNR1
ADAM2,CNR1
WIF1,CNR1
IL11,GRM7
GAS6,OXTR
HSP90AA1,GRM7
EFNB2,OXTR
TNFSF15,CNR1
FGF10,CNR1
NTN1,ADRA2A
CCL3L3,ADRA2A
IGF2,GRM7
ANGPT4,CNR1
CSF3,GRM7
GAL,OXTR
DSC3,CNR1
CCL4,GRM7
THBS1,GRM7
NTF4,GRM7
GSTO1,OXTR
GDNF,GRM7
KNG1,ITGA1
ICAM3,CNR1
EREG,CNR1
FBLN1,CX3CR1
CALCB,CX3CR1
BTLA,ADRA2A
IFNL3,OXTR
FGF14,GRM7
ICOSLG,CNR1
GALP,CNR1
GH1,OXTR
COL2A1,CX3CR1
EFEMP2,ITGA1
GDF7,OSMR
PIP,OSMR
ADAM15,OSMR
PDGFB,CNR1
DLL3,CNR1
SLURP1,GRM7
C1QTNF5,CNR1
TFPI,ITGA1
FARP2,GRM7
SLPI,GRM7
CTHRC1,OXTR
INHBC,FZD5
CCL3,ADRA2A
S100A4,CNR1
CRISP3,CNR1
CEACAM5,OXTR
IL5,GRM7
IGF2,CNR1
SEMA6D,CNR1
CCL16,CNR1
RGMB,GRM7
UTS2,GRM7
IGF2,OXTR
ARPC5,GRM7
PTHLH,CX3CR1
WNT16,GRM7
COL5A2,OXTR
AGT,OXTR
LGALS1,CNR1
CCL14,CX3CR1
SLIT1,GRM7
RARRES2,CNR1
HLA,C
INHBB,CNR1
MST1,GRM7
C4BPA,CX3CR1
TGFA,OXTR
APOC2,CNR1
WNT3,FPR3
CTHRC1,ITGA1
SERPINE1,GRM7
AREG,GRM7
GNAS,CNR1
RELN,OXTR
FGF3,ADRA2A
LPA,GRM7
PROC,CNR1
UTS2,CNR1
FABP5,GRM7
WNT8A,OXTR
COL4A4,CNR1
EDA,GRM7
FGF9,OXTR
VWF,OXTR
TNFSF18,CNR1
IL13,GRM7
APOE,ADRA2A
DMP1,GRM7
HSPG2,ITGA1
GDF9,CNR1
ZP3,CNR1
FGB,OXTR
GDF7,CCR4
PIP,CCR4
ADAM15,CCR4
CRISP3,GRM7
CXCL13,CNR1
OXT,CNR1
GDF7,PTH1R
PIP,PTH1R
NTS,ADRA2A
NRG1,GRM7
CD70,ITGA1
GH2,GRM7
LACRT,GRM7
CCL1,GPR20
IL11,FPR3
CCL22,CX3CR1
LYZ,ITGA1
OSM,GRM7
CKLF,CNR1
AZGP1,OXTR
GSTM2,GRM7
CLEC2A,GRM7
LAMC2,OXTR
SPON2,GRM7
IL1F10,FPR3
COL4A4,GRM7
CD40LG,CNR1
DLL1,GRM7
IL24,CNR1
ADM,CX3CR1
PODXL,GRM7
IFNA7,CX3CR1
INSL3,CX3CR1
SFTPD,GRM7
IL24,OXTR
RGMB,OXTR
CCL24,GRM7
FGB,ITGA1
HRG,GRM7
GSTO1,CNR1
EFNA5,GRM7
TNFSF8,GRM7
GRP,ADRA2A
F12,CNR1
FGF16,OXTR
CD200,GRM7
ADAM28,CNR1
TNF,OXTR
LAMB3,OXTR
VWF,ITGA1
APP,OXTR
GDF7,TIE1
PIP,TIE1
IL13,CNR1
P4HB,ITGA1
OLFM2,OXTR
GREM1,CNR1
LACRT,CNR1
SAA1,CX3CR1
WNT3A,EPHB4
IFNA7,ADRA2A
CALR,ADRA2A
WNT3A,ITGA1
P4HB,OXTR
ADM,ADRA2A
PENK,ITGA1
RELN,ITGA1
PDAP1,GRM7
FN1,ITGA1
BMP2,GRM7
NDP,FPR3
FGB,GRM7
DSC1,CNR1
SPON2,CNR1
PROS1,CNR1
CXCL14,GRM7
NODAL,PTH1R
ALB,CX3CR1
EBI3,OXTR
SERPINE2,CNR1
GDF6,GRM7
FGF13,CNR1
TGFB2,GRM7
SEMA3C,GRM7
GAS6,GRM7
WNT2B,ITGA1
ITGB3BP,CNR1
IL17A,GRM7
ICAM2,ADRA2A
COL18A1,OXTR
CCK,GRM7
COL18A1,CNR1
WNT6,CNR1
CXCL17,CNR1
IL13,OXTR
COL4A2,GRM7
GDF7,CX3CR1
PIP,CX3CR1
ADAM15,CX3CR1
HCRT,CNR1
GDF7,GLP1R
PIP,GLP1R
PROC,GRM7
JAM3,CNR1
LIPC,GRM7
EFNA1,GRM7
GAD1,OXTR
ARF1,GRM7
LIPH,CNR1
FGF13,OXTR
TIMP1,OXTR
CALCB,FPR3
GH1,GPR20
TNFSF4,FPR3
TGFA,GRM7
DEFB106A,CX3CR1
PRL,FPR3
GDF11,OXTR
DSC1,GRM7
LTBP1,CNR1
ITGB3BP,GPR20
TNFSF11,ITGA1
CCL7,CNR1
NODAL,RAMP3
TGFB1,CNR1
PTH,GRM7
VIP,OXTR
PDGFC,CNR1
CD200,OXTR
HGF,OXTR
SCGB3A1,ADRA2A
C1QTNF5,GRM7
CSF1,GRM7
LAMA2,CX3CR1
CALR,CX3CR1
LTBP3,OXTR
AZGP1,FPR3
CFH,GRM7
FYN,NOTCH4
SST,OXTR
PCSK9,CNR1
ICAM4,GRM7
GH1,FPR3
EGF,GRM7
TNFSF18,GRM7
CGB5,ADRA2A
PDGFC,OXTR
GDF7,TLR6
PIP,TLR6
ADAM15,TLR6
NTNG1,OXTR
RIMS2,GRM7
PTHLH,FPR3
XCL1,CNR1
ANGPT1,GRM7
CD86,CNR1
GDF7,TNFRSF18
PIP,TNFRSF18
TSHB,CNR1
IL6,OXTR
LEFTY2,OXTR
THBS2,GRM7
RPH3A,GRM7
F2,GRM7
HSPA8,FPR3
GALP,GRM7
GDF7,ADRB3
PIP,ADRB3
ADAM15,ADRB3
TNFSF10,GRM7
MDK,GRM7
FBLN1,FPR3
COL2A1,FPR3
IL5,OXTR
LGALS9,ADRA2A
CCL1,PTH1R
F8,ITGA1
DMP1,OXTR
COL9A1,FPR3
EPO,GRM7
GHRL,CNR1
OBP2A,CNR1
THPO,OXTR
PDGFC,GRM7
MST1,OXTR
IL31,VIPR2
PENK,OXTR
FGF18,CX3CR1
LAMA2,ADRA2A
VIP,GRM7
FGF14,CNR1
IAPP,GRM7
WNT3A,TGFBR2
APLN,CNR1
MFAP2,CNR1
AGTRAP,GRM7
EPGN,GRM7
OLFM2,GRM7
FGF11,GRM7
GDF5,CNR1
P4HB,GRM7
PTH,CNR1
DLL4,GRM7
CKLF,GRM7
DSC3,GRM7
WNT16,CNR1
WNT3,VIPR2
ST6GAL1,GRM7
HLA,E
FCN2,CNR1
CCL26,OXTR
LGALS9,CX3CR1
ICAM1,GRM7
IFNL3,GRM7
FAT4,ADRA2A
UTS2,OXTR
CLEC2A,OXTR
EFNB1,CNR1
FAM3C,CX3CR1
COL4A4,OXTR
CTF1,GRM7
COL11A1,GRM7
RPH3A,OXTR
REN,GRM7
HMGB1,CNR1
PCSK9,GRM7
DLL4,OXTR
LAMA5,GRM7
GDF11,GRM7
BMP3,CNR1
AGT,ITGA1
NUCB2,GRM7
IL2,ADRA2A
GRN,ADRA2A
DLL4,CNR1
GSTM2,CNR1
C4BPA,FPR3
CCL23,CX3CR1
CD40LG,GRM7
LAMA3,CNR1
NODAL,GPR20
CCL1,RAMP3
WNT8A,GRM7
BCAN,ADRA2A
LIF,GRM7
COL4A3,OXTR
ARTN,CX3CR1
HDC,OXTR
CCL15,ADRA2A
ARTN,ADRA2A
GDF1,GRM7
TNFSF8,CX3CR1
INHBC,RAMP2
C1QTNF5,OXTR
DCN,CNR1
F7,OXTR
HCRT,ITGA1
WNT7A,GRM7
COL4A2,OXTR
IZUMO1,GRM7
SEMA5A,CNR1
MLN,CNR1
PDGFA,GRM7
SOST,GRM7
CRISP3,OXTR
FGF9,ITGA1
ST6GAL1,NOTCH4
SPP1,GRM7
GDF7,FCGR1A
PIP,FCGR1A
ADAM15,FCGR1A
ANGPTL2,FPR3
IL37,GRM7
BMP6,GRM7
DLK1,GRM7
SEMA3G,CNR1
CXCL12,CNR1
TNFSF9,GRM7
BST1,ITGA1
CCL19,OXTR
F7,CNR1
NPS,GRM7
WNT5A,FPR3
NXPH1,VIPR2
LAMB2,GRM7
ALB,ADRA2A
PODXL,CNR1
COL6A3,CX3CR1
CD6,ADRA2A
CNTF,OXTR
CD55,GRM7
FABP5,OXTR
PYY,ITGA1
ADCYAP1,ADRA2A
GDF7,RAMP2
PIP,RAMP2
EDN3,CNR1
PROS1,OXTR
IL31,RAMP3
LAMA5,CNR1
FGF7,CNR1
ADAM2,OXTR
ST6GAL1,ITGA1
LGALS3BP,GRM7
IL34,GRM7
CNTF,GRM7
BMP8A,OXTR
COL16A1,GRM7
INS,GRM7
ADAM10,GRM7
INSL5,ITGA1
CRP,ADRA2A
GRN,CX3CR1
NPPA,CNR1
HLA,C
GSTP1,FPR3
SOSTDC1,GRM7
REN,CNR1
CGB5,CX3CR1
ADCYAP1,CX3CR1
ADIPOQ,CNR1
HRG,CNR1
FST,CX3CR1
CCL1,ADRB3
EFEMP2,TGFBR2
AVP,ADRA2A
FYN,ITGA6
INHBC,VIPR2
FGF3,FPR3
WNT3A,FCGR1A
ORM1,OXTR
INSL3,GRM7
CSF3,OXTR
LAMA2,FPR3
IZUMO1,OXTR
NUCB2,ITGA1
LEFTY1,GRM7
NMB,FPR3
AGRN,ADRA2A
ANGPT4,GRM7
GSTP1,CX3CR1
LAMC2,GRM7
FLT3LG,GRM7
TNFSF18,OXTR
IL2,CX3CR1
FYN,ITGAL
NTNG2,VIPR2
GDF7,ITGAL
PIP,ITGAL
ADAM15,ITGAL
IZUMO1,CNR1
CNTN4,CNR1
PROS1,GRM7
WNT6,OXTR
SEMA3A,GRM7
IL24,GRM7
CRH,GRM7
CXCL17,GRM7
DEFB106A,FPR3
SLIT2,GRM7
MMP9,CX3CR1
SPON2,OXTR
COL4A6,ADRA2A
FGF23,OXTR
THBS1,ITGA1
NPTX1,GRM7
EREG,OXTR
NRG1,CNR1
EFNB3,ITGA1
ICAM1,CNR1
IL6,CNR1
VEGFA,CNR1
TNFSF11,OXTR
ANG,CNR1
INHBC,CCR1
WNT16,OXTR
CD55,CNR1
GH1,TLR6
CORT,CNR1
COL3A1,FPR3
LPL,GRM7
NTF4,OXTR
ITGB3BP,FPR3
LMAN1,GRM7
CCL2,ADRA2A
BST2,CNR1
HGF,GRM7
ITGB3BP,ITGA1
LACRT,OXTR
GDF9,OXTR
PCSK9,OXTR
SYK,TGFBR2
CCL18,OXTR
NTNG1,GRM7
LCN1,CNR1
APOA2,GRM7
GNRH2,CX3CR1
OSM,OXTR
NXPH2,CNR1
FGF7,GRM7
THPO,CNR1
RBP3,CNR1
SERPINE2,GRM7
NXPH3,GRM7
IL21,GRM7
RIMS2,OXTR
ARF1,OXTR
GNRH2,ADRA2A
INSL3,ADRA2A
VEGFC,GRM7
PRLH,GRM7
SHANK1,GRM7
MFGE8,GRM7
CCK,CNR1
NRG4,GRM7
GDF7,PLXNA1
PIP,PLXNA1
ADAM15,PLXNA1
TSHB,GRM7
RSPO3,OXTR
TIMP2,GRM7
FCN2,GRM7
IGFBP4,CX3CR1
ORM1,GRM7
SPTAN1,ITGA1
DSPP,GRM7
CCL17,OXTR
CD40LG,OXTR
SEMA3C,ITGA1
ANGPT1,OXTR
COL8A2,OXTR
SST,CNR1
BMP6,OXTR
FAT4,CX3CR1
FSHB,FPR3
PLTP,GRM7
ARPC5,CNR1
COL6A2,GRM7
ADIPOQ,OXTR
SEMA4G,OXTR
F10,GRM7
CCL17,ITGA1
WNT4,CNR1
NXPH3,OXTR
SEMA4B,CX3CR1
AZGP1,FGFR1
EGF,ITGA1
THBS1,FPR3
LYZ,ITGA7
IL16,CNR1
AANAT,GRM7
GDF5,GRM7
SFTPD,ITGA1
HSPA4,GRM7
GDNF,CNR1
TCTN1,GRM7
TNFSF15,GRM7
SEMA6D,GRM7
CER1,GRM7
SORBS1,CNR1
ADM,FPR3
SEMA4A,GRM7
SFRP2,CNR1
DRAXIN,OXTR
SEMA7A,CNR1
VEGFA,OXTR
BMP8B,OXTR
PLTP,OXTR
ANGPTL3,GRM7
BCAN,CX3CR1
SEMA3E,GRM7
PROK2,GRM7
TIMP1,ITGA1
SOSTDC1,OXTR
COL14A1,OXTR
TAC1,GRM7
NPPC,CX3CR1
GAD1,GRM7
RGMB,ITGA1
HP,GRM7
LRIG1,CX3CR1
F2,CNR1
FGF12,GRM7
DLL3,GRM7
CNTF,CNR1
RTN4,GRM7
CEACAM16,GRM7
DEFB4A,OXTR
COLQ,GRM7
RBP3,GRM7
COL2A1,ADRA2A
MSTN,CNR1
LAMB3,ITGA1
LAMA3,GRM7
FAM3C,ADRA2A
ADCYAP1,FPR3
PSPN,GRM7
BMP3,GRM7
SYTL3,CNR1
GDF7,FGFR1
PIP,FGFR1
ADAM15,FGFR1
WNT8A,CNR1
GC,CNR1
HDC,GRM7
HLA,E
BMP8B,GRM7
FGF13,GRM7
WNT3A,MET
SEMA6D,OXTR
GDF7,ITGA4
PIP,ITGA4
ADAM15,ITGA4
ITGB3BP,ADRA2A
TNFSF13B,GRM7
IL10,GRM7
RNASE2,OXTR
NODAL,VIPR1
FST,FPR3
BMP5,GRM7
ARF6,GRM7
GDF7,CD53
PIP,CD53
ADAM15,CD53
GUCA2B,GRM7
LAMB3,GRM7
PLAT,GRM7
NPNT,CNR1
PRG4,OXTR
OXT,GRM7
NXPH3,CNR1
COL6A2,CNR1
IL17B,GRM7
GDF7,GRM3
PIP,GRM3
VEGFB,GRM7
THBS1,TGFBR2
INHBC,ACKR2
CCL19,ITGA1
NPY,CNR1
AREG,OXTR
COMP,OXTR
ITGB3BP,GRM7
INHBC,RAMP3
VWF,TGFBR2
COL4A6,CX3CR1
COL4A5,GRM7
SEMA3A,OXTR
SEMA4F,CNR1
EFEMP2,PLXNB2
F10,CNR1
SCGB3A1,CX3CR1
WNT3,RAMP3
PSAP,ADRA2A
CGN,GRM7
MMP7,PLXNB2
TNFSF15,OXTR
FGF18,FPR3
INHBE,GRM7
APOA4,GRM7
CXCL10,CNR1
RSPO4,ADRA2A
GDF6,CNR1
GRP,CX3CR1
TSHB,OXTR
LAMC2,ITGA1
VCAM1,GRM7
AVP,CX3CR1
IL22,GRM7
DEFB4A,GRM7
TNC,ITGA1
DMP1,ITGA1
CPAMD8,GRM7
NLGN2,VIPR2
SEMA3D,CNR1
S100A9,GRM7
VEGFC,CNR1
FBN1,GRM7
TGS1,GRM7
PKM,GRM7
DKK4,FPR3
RSPO3,GRM7
IL23A,GRM7
SERPING1,CX3CR1
HDC,CNR1
IL1RN,GRM7
ARPC5,OXTR
CCL14,FPR3
FBLN2,RAMP3
NPPA,GRM7
VTN,CNR1
CD6,CX3CR1
GDF7,PRLHR
PIP,PRLHR
ADAM15,PRLHR
WIF1,OXTR
FYN,PLXNB2
GZMB,OXTR
MICB,GRM7
S100A4,OXTR
SEMA3G,GRM7
CD200,ITGA1
SYK,OXTR
GDNF,OXTR
APOD,GRM7
MMP7,ITGB6
DEFB1,CNR1
CFH,OXTR
EFEMP2,NOTCH4
MLN,ITGA1
GNAS,OXTR
VCAN,ITGA7
WNT3,GPR20
WIF1,GRM7
CRP,CX3CR1
FGF14,OXTR
CNTN2,CNR1
NMB,ADRA2A
TIMP3,CNR1
TIMP1,GRM7
ARTN,FPR3
FYN,TLR6
S100A4,GRM7
PRND,GRM7
EFEMP2,ITGAL
INHBC,GPR20
SAA1,FPR3
AANAT,CNR1
SEMA3B,GRM7
CSH2,CX3CR1
CCL13,OXTR
FYN,PRLHR
CSF1,OXTR
COLQ,CNR1
WNT7A,OXTR
CCL1,VIPR1
COLQ,OXTR
CCL3L3,CX3CR1
CTF1,FPR3
CD5L,GRM7
IFNA7,FPR3
LUM,GRM7
GNB3,GRM7
HSPA4,ITGA1
COL6A3,ADRA2A
RSPO2,GRM7
SERPING1,FPR3
NTN4,GRM7
RELN,GRM7
RNASE2,GRM7
CSF3,CNR1
LGALS1,ITGA1
CCK,OXTR
LTF,CNR1
GDF7,THBD
PIP,THBD
ADAM15,THBD
PPY,OXTR
GDF7,MET
PIP,MET
ADAM15,MET
PTN,GRM7
ADAM2,GRM7
CCL13,TGFBR2
PROK2,OXTR
GNAS,GRM7
GZMB,GRM7
LCN2,GRM7
ITGB3BP,OXTR
ADCYAP1,GRM7
HLA,A
CLEC2A,ITGA1
GSTM2,OXTR
LYZ,ITGA6
VCL,GRM7
FGF11,CNR1
HMGB1,OXTR
MMP7,FCGR1A
CKLF,OXTR
AZGP1,OSMR
DKK3,GRM7
TIMP3,OXTR
COL6A2,OXTR
PGF,ITGA1
RLN1,GRM7
APP,CNR1
LGALS8,OXTR
GAST,GRM7
CCL15,CX3CR1
APLN,OXTR
F13A1,GRM7
APOA4,CNR1
AGTRAP,CNR1
CCL7,OXTR
GDF7,MGRN1
PIP,MGRN1
TNFSF11,GRM7
RIMS1,GRM7
INHBC,PTH1R
TFPI,NOTCH4
DRAXIN,GRM7
MMP2,ADRA2A
NPNT,OXTR
NTNG2,GPR20
MFAP2,OXTR
NTS,CX3CR1
SEMA3D,OSMR
DSC3,OXTR
KNG1,TGFBR2
NPPC,FPR3
CCL16,OXTR
GH1,ITGAL
IL36A,GRM7
NCAM1,CNR1
XCL2,GRM7
LIPC,CNR1
CD70,TGFBR2
WNT3A,CD53
BTLA,FPR3
ICOSLG,GRM7
JAM3,GRM7
NTS,FPR3
AANAT,OXTR
RBP4,OXTR
FSHB,ADRA2A
NTS,GRM7
PCSK1N,GRM7
DSC1,OXTR
LRIG1,ADRA2A
GSTP1,VIPR2
MDK,ITGA1
NTN4,OXTR
ICAM1,OXTR
C4A,FGFR4
FGF9,GRM7
MICB,CNR1
SCGB1A1,GRM7
HPX,CNR1
MMP9,FPR3
DKK1,GRM7
VIP,ITGA1
HLA,A
IGFBP4,ADRA2A
GDF6,OXTR
TNFSF8,FPR3
PPY,ITGA1
AHSG,GRM7
A2M,CNR1
IL36B,GRM7
LYZ,CNTNAP1
PDAP1,CNR1
DHH,ADRA2A
MICB,OXTR
THPO,FPR3
GAST,OXTR
CCL3,CX3CR1
RSPO4,CX3CR1
NDP,VIPR2
ULBP1,GRM7
FGF3,CX3CR1
FBLN2,VIPR2
SLPI,OXTR
FGF10,ITGA1
FN1,OXTR
COMP,ITGA1
TGFB1,OXTR
CSH2,GRM7
APOA2,CNR1
TCN2,FPR3
LAMA3,OXTR
ANGPT2,ITGA1
CLEC2B,CNR1
WNT8A,ITGAM
GDF10,ADRA2A
F9,ADRA2A
WNT3,RAMP2
ICAM3,OXTR
TNFSF14,GRM7
PKM,FPR3
CD59,CNR1
HAS2,GRM7
FBLN2,PTH1R
SORBS1,GRM7
PLG,GRM7
NPVF,GRM7
TAC1,ITGA1
LGALS8,GRM7
HP,OXTR
TDGF1,OXTR
COL4A5,OXTR
C1QTNF1,CNR1
TCTN1,OXTR
EFEMP2,FPR3
LGALS9,FPR3
IL11,FCGR1A
DSC1,ITGA1
NCAM1,GRM7
PSAP,CX3CR1
IL1F10,PTH1R
DSC2,CNR1
SERPINA1,GRM7
LHB,CNR1
SERPINE1,ITGA1
FARP2,ITGA6
IGFL2,ADRA2A
NPPC,ADRA2A
EFNB3,NOTCH4
MLN,OXTR
SEMA4F,OXTR
MEPE,ITGA1
NXPH1,RAMP3
IL17F,ADRA2A
LMAN1,FPR3
APOC2,OXTR
GDF7,LDLR
PIP,LDLR
ADAM15,LDLR
PROK1,CNR1
APOA1,FPR3
MMP7,NOTCH4
EFNB1,OXTR
EFNA5,CNR1
ICAM2,CX3CR1
GDF7,NRP1
PIP,NRP1
ADAM15,NRP1
BTC,FPR3
NUCB2,TGFBR2
APOB,GRM7
ANGPTL1,GRM7
TGFB1,ITGA1
EFEMP2,ITGA7
NODAL,RAMP2
IL37,CNR1
NTNG2,CCR4
PRL,VIPR2
CEACAM5,GRM7
TGFB1,GRM7
ST6GAL1,FPR3
MEPE,CNR1
INHBA,CNR1
SEMA4B,ADRA2A
APOA2,ITGA1
WNT3A,ITGB6
ADIPOQ,GRM7
EREG,FCGR1A
WNT3A,ITGA4
LGALS1,OXTR
IL13,ITGA1
RBP4,TGFBR2
PLAU,GRM7
GH1,TGFBR2
CD14,ITGA6
LUM,CNR1
LIPH,OXTR
CXCL1,VIPR2
LEFTY1,OXTR
LIPH,GRM7
PODXL,OXTR
SAA1,CCR4
ANGPT2,GRM7
ARTN,GRM7
VEGFA,GRM7
NPFF,GRM7
RSPO4,FPR3
GDF15,GRM7
IL11,CX3CR1
DKK2,GRM7
C4A,PRLHR
IFNA8,GRM7
POMC,OXTR
VCAN,EPHA2
LEFTY1,CNR1
SERPINC1,OXTR
NXPH2,OXTR
CCL1,RAMP2
RSPO3,ITGA1
TNC,TGFBR2
LTBP3,GRM7
FYN,FCGR1A
SFRP2,GRM7
BTC,CX3CR1
MIF,GRM7
EDA,TGFBR2
ACE2,CNR1
FGF12,OXTR
PTN,CNR1
NPPA,OXTR
CD86,OXTR
ULBP1,OXTR
LCN1,GRM7
EDN1,GRM7
FGF4,CNR1
WNT3,VIPR1
SHANK1,OXTR
TCN2,GRM7
LPA,OXTR
IL1F10,VIPR2
IL11,NOTCH4
NID2,FPR3
GDF7,GRM5
PIP,GRM5
ADAM15,GRM5
ADM2,CCR3
WNT3A,CCR9
LRIG1,FPR3
IFNG,GRM7
SEMA4F,GRM7
NPY,OXTR
IFNA1,GRM7
IL18,GRM7
PRND,OXTR
FSHB,CX3CR1
CD70,ITGA7
S100A9,FPR3
EFNB3,ITGAL
GDF7,GRM4
PIP,GRM4
COMP,NOTCH4
GDF7,EPHA2
PIP,EPHA2
ADAM15,EPHA2
ITIH2,CX3CR1
PTPN6,VIPR2
THBS1,CCR9
C1QTNF5,TLR6
COL9A2,NOTCH4
FGF21,ADRA2A
THBS1,OSMR
GDF7,TRPC3
PIP,TRPC3
ST6GAL1,ITGB6
FGF23,TLR6
WNT3A,TLR6
HMGB1,GRM7
EFNA4,OXTR
EFNB3,FPR3
GRN,FPR3
ADM2,VIPR2
ADM2,FZD5
SFRP1,ITGA1
TGFB3,GRM7
FGF7,OXTR
FARP2,TGFBR2
AREG,ITGA1
SEMA4G,GRM7
WNT4,GRM7
CCL22,FPR3
TAC4,GRM7
EDIL3,GRM7
GPC3,GRM7
NODAL,ADCYAP1R1
PRL,FZD5
INS,ITGA1
SELPLG,GRM7
TFPI,TGFBR2
PSEN1,GRM7
ST6GAL1,PLXNB2
EFEMP1,CNR1
SERPING1,ADRA2A
CGB5,FPR3
OLFM2,ITGA1
IFNA8,OXTR
C4B,CX3CR1
SFTPD,NOTCH4
CD70,CFTR
GNAI2,GRM7
GDF7,CD4
EREG,FPR3
NGF,OXTR
APOA1,GRM7
CD6,FPR3
GH2,OXTR
EBI3,PRLHR
C1QA,CX3CR1
XCL2,OXTR
DLK1,OXTR
DEFB106A,VIPR2
PI3,GRM7
FABP5,CNR1
OSM,CNR1
NRTN,FPR3
CSF1,CNR1
PF4,CX3CR1
CCL8,TGFBR2
PDGFB,GRM7
COL4A1,OXTR
NODAL,DPP4
MMP7,FPR3
BMP8B,TGFBR2
PDGFB,ITGA1
FGF16,TGFBR2
C1QTNF5,ITGA1
GDF11,NOTCH4
FBLN2,GPR20
WNT3A,CFTR
NTN3,FPR3
FARP2,FCGR1A
COL9A3,ADRA2A
GDF9,FCGR1A
CCL25,OXTR
PPY,TGFBR2
FBLN2,RAMP2
CNTN4,GRM7
THPO,FCGR1A
ADA,GRM7
DLL4,OSMR
INS,OXTR
LIN7C,CNR1
ANGPT2,OXTR
CCL24,FPR3
FGF11,OXTR
CCL3,FPR3
DLL1,ITGB6
GDF5,OXTR
FGB,PLXNB2
FYN,FGFR4
IL7,GRM7
PLTP,ITGA1
SAA1,GPR20
BGN,GRM7
