SEMA3F,PLXNA3
SEMA3F,PLXNA1
SEMA3F,NRP1
SEMA3F,NRP2
CX3CL1,CX3CR1
HEBP1,ADRA2A
HEBP1,MTNR1A
HEBP1,FPR3
HEBP1,GRM7
DCN,EGFR
DCN,MET
DCN,ERBB4
GRN,EGFR
GRN,TNFRSF1A
GRN,SORT1
GRN,TNFRSF1B
GRN,CLEC4M
UTS2,UTS2R
ICAM3,CLEC4M
ICAM3,ITGAL
ICAM3,ITGB2
ICAM3,CD209
ICAM3,ITGAD
CEACAM1,EGFR
CEACAM1,CD209
CEACAM1,SELE
PRLH,PRLHR
FGF4,NRP1
FGF4,FGFR2
FGF4,FGFR4
FGF4,FGFR1
FGF4,FGFR3
ST6GAL1,EGFR
ST6GAL1,CD22
NTN1,UNC5D
NTN1,UNC5B
NTN1,DCC
NTN1,UNC5A
NTN1,ADORA2B
NTN1,UNC5C
NTN1,NEO1
SCT,PTH1R
SCT,ADCYAP1R1
SCT,RAMP2
SCT,VIPR1
SCT,RAMP3
SCT,GPR20
SCT,ADRB2
SCT,VIPR2
SCT,ADRB3
SCT,TSHR
SCT,GPR84
SCT,SCTR
FGF20,FGFR2
FGF20,FGFR4
FGF20,FGFR1
FGF20,FGFR3
CEACAM6,EGFR
THPO,MPL
EFNB1,EPHB6
EFNB1,EPHB4
EFNB1,ERBB2
EFNB1,EPHB1
EFNB1,EPHB3
EFNB1,EPHB2
EFNB1,EPHA4
EFNB1,EPHA6
DLL3,NOTCH1
DLL3,NOTCH4
DLL3,NOTCH2
DLL3,NOTCH3
SEMA4G,PLXNB2
VCL,ITGB5
VCL,ALK
EFNA2,EPHA4
EFNA2,EPHA6
EFNA2,EPHA7
EFNA2,EPHA10
EFNA2,EPHA3
EFNA2,EPHA1
EFNA2,EPHA5
EFNA2,EPHA2
EFNA2,EPHA8
FGF22,FGFR2
FGF22,FGFR1
MADCAM1,ITGA4
MADCAM1,CD44
MADCAM1,ITGB7
MIF,EGFR
MIF,CD44
MIF,CXCR4
MIF,CXCR2
MIF,CD74
OSM,LIFR
OSM,IL6ST
OSM,OSMR
TCN2,LRP2
TCN2,CNR1
LGALS1,ITGB1
LGALS1,PTPRC
NID2,COL13A1
GZMB,CHRM3
GZMB,IGF2R
RSPO4,LGR6
RSPO4,LGR4
RSPO4,LGR5
OXT,AVPR2
OXT,AVPR1B
OXT,AVPR1A
OXT,OXTR
F9,LRP1
PCSK1N,GPR171
TIMP1,FGFR2
TIMP1,CD63
MMP2,FGFR1
MMP2,PECAM1
MMP2,CCR2
MMP2,SDC2
CCL22,CCR4
CCL22,DPP4
CCL22,ACKR2
CCL17,CCR4
CCL17,ACKR2
CCL17,ACKR1
CCL17,CCR8
TG,LRP2
TG,ASGR1
TG,TPO
SFRP1,FZD2
SFRP1,FZD6
PLAT,ITGB2
PLAT,LRP1
PLAT,ITGAM
DKK4,LRP6
DKK4,LRP5
LHB,PTH1R
LHB,ADCYAP1R1
LHB,RAMP2
LHB,VIPR1
LHB,RAMP3
LHB,GPR20
LHB,ADRB2
LHB,ADRB3
LHB,TSHR
LHB,GPR84
LHB,LHCGR
AMH,EGFR
AMH,ACVR1
AMH,AMHR2
RETN,GPR25
EBI3,IL6ST
EBI3,IL27RA
TGFB1,EGFR
TGFB1,ITGB5
TGFB1,CXCR4
TGFB1,ITGB1
TGFB1,SDC2
TGFB1,ENG
TGFB1,SMAD3
TGFB1,TGFBR2
TGFB1,ITGB3
TGFB1,TGFBR1
TGFB1,ACVRL1
TGFB1,ITGB6
TGFB1,ITGAV
TGFB1,CAV1
TGFB1,ITGB8
TGFB1,TGFBR3
ICAM5,ITGAL
ICAM5,ITGB2
CEACAM5,CD1D
COMP,ITGB1
COMP,ITGB3
COMP,CD36
HGF,NRP1
HGF,MET
HGF,CD44
HGF,ITGB1
HGF,SDC2
HGF,SDC1
HGF,ST14
LAMB1,ITGB1
LAMB1,ITGAV
LAMB1,ITGA7
LAMB1,ITGA6
LAMB1,ITGA1
LAMB1,ITGA2
LAMB1,ITGA3
LAMB1,ITGB4
WNT16,FZD6
NAMPT,ADORA2A
PON2,HTR2A
NPVF,NPFFR1
NPVF,NPFFR2
PDAP1,PDGFRB
SERPINE1,ITGB5
SERPINE1,LRP2
SERPINE1,LRP1
SERPINE1,ITGAV
SERPINE1,PLAUR
C5,ADRA2A
C5,MTNR1A
C5,GRM7
C5,C5AR2
C5,C5AR1
TNFSF8,TNFRSF8
RLN1,RXFP2
RLN1,RXFP1
CSF3,CSF1R
CSF3,CSF3R
WNT3,LRP6
WNT3,RYK
WNT3,ROR2
WNT3,FZD1
WNT3,FZD7
WNT3,FZD8
WNT3,FZD5
CCL2,CCR2
CCL2,CCR4
CCL2,ACKR2
CCL2,ACKR1
CCL2,CCR1
CCL2,CCR5
CCL2,CCR10
CCL2,CCR3
CCL2,ACKR4
CCL1,CCR8
CCL13,CCR2
CCL13,ACKR2
CCL13,ACKR1
CCL13,CCR1
CCL13,CCR5
CCL13,CCR3
CCL13,ACKR4
CCL13,CXCR3
CCL13,CCR9
COL1A1,CD44
COL1A1,ITGB1
COL1A1,ITGAV
COL1A1,CD36
COL1A1,ITGA1
COL1A1,ITGA2
COL1A1,ITGA5
COL1A1,CD93
COL1A1,FLT4
COL1A1,DDR2
COL1A1,ITGA11
COL1A1,TMPRSS6
COL1A1,DDR1
EFNB3,EPHB6
EFNB3,EPHB4
EFNB3,EPHB1
EFNB3,EPHB3
EFNB3,EPHB2
EFNB3,EPHA4
EFNB3,RHBDL2
VTN,ITGB5
VTN,ITGB1
VTN,ITGB3
VTN,ITGB6
VTN,ITGAV
VTN,ITGB8
VTN,PLAUR
VTN,ITGA5
VTN,ITGA8
VTN,CD47
VTN,KDR
VTN,ITGA2B
VTN,TNFRSF11B
VTN,PVR
VTN,ITGA3
IBSP,ITGB3
IBSP,ITGAV
CXCL6,ADRA2A
CXCL6,MTNR1A
CXCL6,GRM7
CXCL6,CXCR2
CXCL6,ACKR1
CXCL6,CXCR1
IL2,IL2RA
IL2,IL2RG
IL2,CD53
IL2,NGFR
IL2,IL2RB
APOC3,LRP2
APOC3,LRP1
APOC3,SDC2
APOC3,LDLR
APOC3,TLR2
KITLG,KIT
KITLG,EPOR
CLEC2B,KLRF1
SELPLG,ITGB2
SELPLG,SELE
SELPLG,ITGAM
SELPLG,ESAM
SELPLG,SELL
SELPLG,SELP
IL23A,IL12RB1
IL23A,IL12RB2
IL23A,IL23R
FGF6,FGFR2
FGF6,FGFR4
FGF6,FGFR1
FGF6,FGFR3
FGF6,SDC4
IL26,IL10RB
IL26,IL20RA
IFNG,IFNGR2
IFNG,IFNGR1
GNB3,TGFBR1
GNB3,GABBR2
ULBP1,KLRK1
LAMA4,ITGB1
LAMA4,ITGAV
LAMA4,ITGA6
LAMA4,ITGA3
HBEGF,EGFR
HBEGF,ERBB4
HBEGF,ERBB2
HBEGF,CD44
HBEGF,CD9
HBEGF,PRLR
HBEGF,CD82
IL12B,IL12RB1
IL12B,IL12RB2
IL12B,IL23R
IL4,IL2RG
IL4,CD53
IL4,IL13RA2
IL4,IL13RA1
IL4,IL4R
IL5,CSF2RB
IL5,IL5RA
SEMA3G,NRP2
LTF,LRP1
LTF,TFRC
HRG,ERBB2
HRG,FCGR1A
HRG,ERBB3
TFPI,LRP1
TFPI,SDC4
TFPI,VLDLR
TFPI,F3
APOB,ITGB2
APOB,ADRB2
APOB,LRP2
APOB,LRP1
APOB,ITGAM
APOB,LRP6
APOB,LDLR
APOB,VLDLR
APOB,OLR1
APOB,CALCR
APOB,MTTP
APOB,LSR
APOB,TLR6
APOB,TLR4
APOB,LRP8
WNT6,FZD4
PROC,ITGB2
PROC,ITGAM
PROC,THBD
PROC,PROCR
ANGPTL1,TEK
CD160,TNFRSF14
APOA1,LRP2
APOA1,LRP1
APOA1,LDLR
APOA1,ABCA1
FGF23,FGFR2
FGF23,FGFR4
FGF23,FGFR1
FGF23,FGFR3
FGF23,PHEX
FGF23,KL
TGFB3,ITGB5
TGFB3,ITGB1
TGFB3,ENG
TGFB3,TGFBR2
TGFB3,ITGB3
TGFB3,TGFBR1
TGFB3,ACVRL1
TGFB3,ITGB6
TGFB3,TGFBR3
IFNA7,IFNAR2
IFNA7,IFNAR1
IAPP,PTH1R
IAPP,ADCYAP1R1
IAPP,RAMP2
IAPP,VIPR1
IAPP,RAMP3
IAPP,GPR20
IAPP,ADRB2
IAPP,ADRB3
IAPP,TSHR
IAPP,GPR84
IAPP,CALCR
IAPP,RAMP1
TNFSF10,TNFRSF11B
TNFSF10,TNFRSF10D
TNFSF10,RIPK1
TNFSF10,TNFRSF10B
TNFSF10,TNFRSF10C
TNFSF10,TNFRSF10A
GSTM2,RYR2
INHBA,ACVR1
INHBA,ENG
INHBA,SMAD3
INHBA,ACVR2B
INHBA,BAMBI
INHBA,ACVR1B
INHBA,TGFBR3
INHBA,ACVR2A
INHA,ACVR1
INHA,ACVR2B
INHA,TGFBR3
INHA,ACVR2A
PI3,PLD2
IL17C,IL17RE
LYPD3,AGR2
EREG,EGFR
EREG,ERBB4
EREG,ERBB2
EREG,ERBB3
EFNB2,EPHB6
EFNB2,EPHB4
EFNB2,EPHB1
EFNB2,EPHB3
EFNB2,EPHB2
EFNB2,EPHA4
EFNB2,EPHA6
EFNB2,EPHA3
EFNB2,PECAM1
EFNB2,RHBDL2
EFNB2,GRM5
EFNB2,GRM1
BMP4,LRP6
BMP4,BMPR2
BMP4,BMPR1A
BMP4,HJV
BMP4,BMPR1B
PSPN,GFRA3
PSPN,RET
PSPN,SDC3
PSPN,GFRA2
PSPN,GFRA4
PSPN,GFRA1
TNFSF9,PVR
TNFSF9,TNFRSF9
TNFSF9,TRAF2
CD70,TNFRSF13B
CD70,CD27
CD70,TNFRSF17
C3,ADRA2A
C3,MTNR1A
C3,GRM7
C3,ITGB2
C3,LRP1
C3,ITGAM
C3,C5AR2
C3,CD19
C3,CD46
C3,CR2
C3,ITGAX
C3,C3AR1
C3,IFITM1
C3,CR1
C3,CD81
VASP,CXCR2
SLURP1,CHRNA7
GDF1,SMAD3
GDF1,ACVR2B
GDF1,ACVR1B
GDF1,ACVR2A
OMG,RTN4RL1
OMG,LINGO1
OMG,RTN4R
OMG,NGFR
LIF,LIFR
LIF,IL6ST
DLL4,NOTCH1
DLL4,NOTCH4
DLL4,NOTCH2
DLL4,NOTCH3
TPH1,HTR2A
TPH1,HTR7
TPH1,HTR1A
TPH1,HTR1F
TPH1,HTR1D
TPH1,HTR2C
TPH1,HTR4
TPH1,HTR6
TPH1,HTR1B
TPH1,HTR2B
TPH1,HTR5A
TPH1,HTR1E
AANAT,MTNR1A
AANAT,MTNR1B
LMAN1,MCFD2
APOE,LRP2
APOE,LRP1
APOE,SDC2
APOE,LRP6
APOE,LRP5
APOE,LDLR
APOE,VLDLR
APOE,LSR
APOE,LRP8
APOE,ABCA1
APOE,CHRNA4
APOE,TREM2
APOE,SORL1
APOE,SCARB1
APOE,LRP4
APOC2,LDLR
NCAN,SDC3
NCAN,CDH2
BST2,LILRA4
BMP15,BMPR2
BMP15,BMPR1A
BMP15,BMPR1B
BMP15,ACVR2A
EPO,EPHB4
EPO,EPOR
GDF15,RET
GDF15,GFRAL
LAMA5,ITGB1
LAMA5,SDC1
LAMA5,ITGA6
LAMA5,ITGA2
LAMA5,BCAM
LAMA5,ITGA3
LAMA5,ITGB4
F12,CD93
F12,GP1BA
JAG1,NOTCH1
JAG1,NOTCH4
JAG1,NOTCH2
JAG1,NOTCH3
JAG1,CD46
CRP,OLR1
CRP,CR1
NTS,SORT1
NTS,NTSR1
NTS,NTSR2
NTS,NGFR
TSHB,PTH1R
TSHB,ADCYAP1R1
TSHB,RAMP2
TSHB,VIPR1
TSHB,RAMP3
TSHB,GPR20
TSHB,ADRB2
TSHB,ADRB3
TSHB,TSHR
TSHB,GPR84
FST,BMPR2
FST,HJV
FST,BMPR1B
GRP,GRPR
GRP,BRS3
GRP,NMBR
SPX,GALR2
DSC1,DSG2
DSC1,DSG3
DSC1,DSG1
SEMA6A,PLXNA4
SEMA6A,PLXNA2
LACRT,SDC1
GDF11,ACVR2B
GDF11,ACVR1B
GDF11,BMPR2
GDF11,BMPR1A
GDF11,BMPR1B
GDF11,ACVR2A
LAMC1,ITGB1
LAMC1,ITGAV
LAMC1,ITGA7
LAMC1,ITGA6
LAMC1,ITGA1
LAMC1,ITGA2
LAMC1,ITGA3
LAMC1,ITGB4
IL36G,IL36RN
IL36G,IL1RL2
IL1RN,IL1RL2
IL1RN,IL1R1
IL1RN,IL1R2
IL36A,IL36RN
IL36A,IL1RL2
IL36B,IL36RN
IL36B,IL1RL2
CFC1,SMAD3
CFC1,ACVR1B
CFC1,ACVR2A
ORM1,CCR5
CCN3,PLXNA1
CCN3,NOTCH1
CCL21,ADRA2A
CCL21,MTNR1A
CCL21,GRM7
CCL21,ACKR2
CCL21,ACKR4
CCL21,CXCR3
CCL21,CCR7
CCL27,ADRA2A
CCL27,MTNR1A
CCL27,GRM7
CCL27,ACKR2
CCL27,CCR10
TGS1,RXRA
MMP7,ERBB4
MMP7,CD44
MMP7,SDC1
MMP7,CD151
THBS1,ITGA4
THBS1,ITGB1
THBS1,LRP1
THBS1,LRP5
THBS1,ITGB3
THBS1,CD36
THBS1,SDC1
THBS1,ITGA6
THBS1,CD47
THBS1,ITGA2B
THBS1,TNFRSF11B
THBS1,SDC4
THBS1,SCARB1
THBS1,ITGA3
ADAM10,MET
ADAM10,NOTCH1
ADAM10,NOTCH2
ADAM10,EPHA3
ADAM10,CD44
ADAM10,TREM2
ADAM10,GPNMB
ADAM10,TSPAN5
ADAM10,TSPAN15
ADAM10,TSPAN10
ADAM10,CADM1
ADAM10,TSPAN14
ADAM10,IL6R
ADAM10,TSPAN17
ADAM10,AXL
ADAM10,NRCAM
ADAM10,TSPAN12
MSTN,ACVR2B
COL8A1,ITGA1
COL8A1,ITGA2
LYZ,ITGAL
VWF,LRP1
VWF,ITGB3
VWF,ITGA2B
VWF,TNFRSF11B
VWF,SELP
VWF,GP1BA
VWF,SCARA5
VWF,STAB2
VWF,SIRPA
CDH1,EGFR
CDH1,ITGB7
CDH1,LRP5
CDH1,ERBB3
CDH1,CDH2
CDH1,IGF1R
CDH1,KLRG1
CDH1,ITGAE
CDH1,PTPRM
CDH1,PTPRF
IL17B,IL17RB
SEMA7A,ITGB1
SEMA7A,ITGA1
SEMA7A,PLXNC1
RIMS2,ABCA1
ANOS1,FGFR1
ANOS1,SDC2
TIMP2,CD44
TIMP2,ITGB1
TIMP2,ITGA3
LGALS3BP,ITGB1
LGALS3BP,CD33
IL37,IL1RAPL1
IL1A,IL1R1
IL1A,IL1R2
IL1A,IL1RAP
IL1B,ADRB2
IL1B,IL1R1
IL1B,IL1R2
IL1B,IL1RAP
IL1B,SIGIRR
MIA,CDH7
LCN1,LMBR1L
CNTN3,PTPRG
IL7,IL2RG
IL7,IL7R
CKLF,CCR4
CKLF,LRP6
FARP2,PLXNA3
FARP2,PLXNA1
FARP2,PLXNA4
FARP2,PLXNA2
LAMC2,ITGB1
LAMC2,ITGA6
LAMC2,ITGA2
LAMC2,CD151
LAMC2,COL17A1
LAMC2,ITGA3
LAMC2,ITGB4
NID1,ITGB1
NID1,COL13A1
NID1,ITGB3
NID1,ITGAV
NID1,PTPRF
NID1,ITGA3
NMU,ADRA2A
NMU,MTNR1A
NMU,GRM7
NMU,NMUR1
NMU,NMUR2
IL21,IL2RG
IL21,IL21R
FGF2,NRP1
FGF2,FGFR2
FGF2,FGFR4
FGF2,FGFR1
FGF2,FGFR3
FGF2,CD44
FGF2,SDC2
FGF2,SDC1
FGF2,SDC4
FGF2,SDC3
FGF2,GPC4
FGF2,FGFRL1
IL11,IL6ST
IL11,IL11RA
WNT5A,ADRB2
WNT5A,EPHA7
WNT5A,LRP2
WNT5A,FZD2
WNT5A,FZD6
WNT5A,LRP6
WNT5A,LRP5
WNT5A,RYK
WNT5A,ROR2
WNT5A,FZD1
WNT5A,FZD7
WNT5A,FZD8
WNT5A,FZD5
WNT5A,LDLR
WNT5A,FZD4
WNT5A,PTK7
WNT5A,ROR1
WNT5A,VANGL2
WNT5A,PTPRK
WNT5A,FZD9
WNT5A,FZD3
WNT5A,ANTXR1
WNT5A,MCAM
FGF10,FGFR2
FGF10,FGFR1
FGF10,FGFRL1
ICAM1,EGFR
ICAM1,ITGAL
ICAM1,ITGB2
ICAM1,ITGAM
ICAM1,CAV1
ICAM1,IL2RA
ICAM1,IL2RG
ICAM1,ITGAX
ICAM1,MUC1
ICAM1,SPN
OLFM2,ROBO2
F13A1,ITGA4
F13A1,ITGB1
F13A1,ITGA9
BST1,CAV1
KNG1,ADRA2A
KNG1,MTNR1A
KNG1,GRM7
KNG1,ITGB2
KNG1,SDC2
KNG1,ITGAM
KNG1,PLAUR
KNG1,CD93
KNG1,GP1BA
KNG1,RXFP4
KNG1,BDKRB2
KNG1,BDKRB1
VCAN,EGFR
VCAN,ITGA4
VCAN,CD44
VCAN,ITGB1
VCAN,TLR2
VCAN,SELL
VCAN,SELP
VCAN,TLR1
TNC,EGFR
TNC,ITGB1
TNC,ITGB3
TNC,ITGB6
TNC,ITGAV
TNC,SDC1
TNC,ITGA7
TNC,ITGA2
TNC,ITGA5
TNC,ITGA8
TNC,SDC4
TNC,PTPRB
TNC,CNTN1
TNC,ITGA9
EGF,NRP1
EGF,EGFR
EGF,ERBB4
EGF,ADRB2
EGF,ERBB2
EGF,LRP2
EGF,CAV1
EGF,RHBDL2
EGF,LDLR
EGF,ERBB3
EGF,PLD2
EGF,AXL
EGF,FSHR
SEMA3C,NRP1
SEMA3C,NRP2
SEMA3C,PLXND1
SEMA3A,PLXNA3
SEMA3A,PLXNA1
SEMA3A,NRP1
SEMA3A,NRP2
SEMA3A,PLXNA4
SEMA3A,PLXNA2
WNT2,FZD2
WNT2,LRP6
WNT2,FZD1
WNT2,FZD7
WNT2,FZD8
WNT2,FZD5
WNT2,FZD4
WNT2,FZD9
WNT2,FZD3
NPTX2,NPTXR
GAL,ADRA2A
GAL,MTNR1A
GAL,GRM7
GAL,GALR2
GAL,GPR151
GAL,GALR1
GAL,GALR3
ADAM2,ITGB7
ADAM2,ITGB1
ADAM2,ITGA6
ADAM2,CD9
ADAM2,ITGA9
ADAM28,ITGA4
SLIT1,ROBO1
SLIT1,FLRT3
SLIT1,GPC1
TIMP3,MET
TIMP3,CD44
TIMP3,KDR
TIMP3,AGTR2
INHBE,ACVR2B
INHBE,ACVR2A
LUM,ITGB1
DHH,PTCH1
DHH,HHIP
DHH,BOC
DHH,CDON
DHH,PTCH2
NPFF,NPFFR1
NPFF,NPFFR2
FGF7,NRP1
FGF7,FGFR2
FGF7,FGFR4
FGF7,FGFR1
FGF7,FGFR3
HDC,HRH1
HDC,HRH2
HDC,HRH3
HDC,HRH4
MFGE8,ITGB3
MFGE8,ITGAV
MFGE8,PDGFRB
IGFBP4,LRP6
IGFBP4,FZD8
PTH2,PTH1R
PTH2,ADCYAP1R1
PTH2,RAMP2
PTH2,VIPR1
PTH2,RAMP3
PTH2,GPR20
PTH2,ADRB2
PTH2,ADRB3
PTH2,TSHR
PTH2,GPR84
PTH2,PTH2R
PROK1,PROKR1
PROK1,PROKR2
CGN,TGFBR2
CGN,TGFBR1
CGN,F11R
CGN,OCLN
LEFTY1,ACVR2B
LEFTY1,ACVR1B
LEFTY1,ACVR2A
REN,ATP6AP2
GDF7,BMPR2
GDF7,BMPR1A
GDF7,ACVR2A
CALM2,GRM7
CALM2,EGFR
CALM2,SELL
CALM2,GRM5
CALM2,KCNQ3
CALM2,KCNQ5
CALM2,MYLK
CALM2,PDE1A
CALM2,INSR
CALM2,ADCY8
CALM2,PDE1C
CALM2,GP6
CALM2,SCN10A
CALM2,PLPP6
CALM2,AQP6
CALM2,MYLK2
CALM2,AQP1
CALM2,SCN4A
CALM2,KCNQ1
CALM2,PDE1B
CALM2,TRPC5
CALM2,CACNA1C
NXPH2,NRXN1
LRIG1,EGFR
LRIG1,MET
UCN2,IL10RB
UCN2,CRHR2
UCN2,CRHR1
SFRP2,FZD5
MEGF10,ABCA1
IL9,IL2RG
IL9,IL9R
FGF18,FGFR2
FGF18,FGFR4
FGF18,FGFR1
FGF18,FGFR3
CRH,PTH1R
CRH,ADCYAP1R1
CRH,RAMP2
CRH,VIPR1
CRH,RAMP3
CRH,GPR20
CRH,ADRB2
CRH,ADRB3
CRH,TSHR
CRH,GPR84
CRH,CRHR2
CRH,CRHR1
CRH,MC2R
RSPO2,LGR6
RSPO2,LGR4
RSPO2,LGR5
RSPO2,ZNRF3
IFNA1,IFNAR2
IFNA1,IFNAR1
IFNA1,CR2
LIN7C,ABCA1
LIN7C,HTR2C
LIN7C,KCNJ4
SERPING1,SELE
SERPING1,SELP
GPHA2,TSHR
GPHA2,EPHA6
CTF1,LIFR
CTF1,IL6ST
IL18,IL1RL2
IL18,IL1RAPL1
IL18,CD48
IL18,IL18R1
IL18,IL18BP
IL18,IL18RAP
QDPR,DYSF
PIGF,FLT1
TNFSF4,TRAF2
TNFSF4,TNFRSF4
PTH,PTH1R
PTH,ADCYAP1R1
PTH,RAMP2
PTH,VIPR1
PTH,RAMP3
PTH,GPR20
PTH,ADRB2
PTH,ADRB3
PTH,TSHR
PTH,GPR84
PTH,LRP6
PTH,PTH2R
BMP3,ACVR2B
BMP3,BMPR2
BMP3,BMPR1A
BMP3,BMPR1B
BMP6,ACVR1
BMP6,BMPR2
BMP6,BMPR1A
BMP6,HJV
BMP6,BMPR1B
BMP6,ACVR2A
SEMA3D,NRP1
SEMA3D,PLXND1
WNT3A,LGR5
WNT3A,LRP1
WNT3A,FZD2
WNT3A,FZD6
WNT3A,LRP6
WNT3A,LRP5
WNT3A,RYK
WNT3A,FZD1
WNT3A,FZD7
WNT3A,FZD8
WNT3A,FZD5
WNT3A,ROR1
WNT3A,FZD3
WNT3A,ATP6AP2
WNT3A,APCDD1
APP,ADRA2A
APP,MTNR1A
APP,GRM7
APP,DCC
APP,NOTCH2
APP,LRP1
APP,LRP6
APP,CAV1
APP,VLDLR
APP,SORL1
APP,TSPAN15
APP,FPR2
APP,LRP10
APP,PLD1
APP,RPSA
APP,TNFRSF21
APP,NCSTN
APP,AGER
APP,CD74
APP,NGFR
APP,APLP1
APP,TSPAN12
APP,PTGER2
APP,APLP2
APP,GPC1
WNT7A,LRP6
WNT7A,FZD5
WNT7A,LDLR
WNT7A,FZD9
WNT7A,RECK
WNT7A,FZD10
DKK2,LRP6
DKK2,KREMEN2
WIF1,RYK
ADAMTS3,CCBE1
CXCL13,ADRA2A
CXCL13,MTNR1A
CXCL13,GRM7
CXCL13,CCR10
CXCL13,ACKR4
CXCL13,CXCR3
CXCL13,CXCR5
CXCL13,OPRD1
GDF6,BMPR2
GDF6,BMPR1A
GDF6,BMPR1B
NODAL,SMAD3
NODAL,ACVR2B
NODAL,ACVR1B
NODAL,ACVR2A
NODAL,ACVR1C
SST,ADRA2A
SST,MTNR1A
SST,GRM7
SST,SSTR5
SST,SSTR2
SST,SSTR3
SST,SSTR4
SST,SSTR1
WNT4,NOTCH1
WNT4,FZD2
WNT4,FZD6
WNT4,FZD1
WNT4,FZD8
WNT4,SMO
ACE,BDKRB2
ACE,AGTR2
AGRP,SDC3
AGRP,MC4R
AGRP,MC5R
AGRP,MC3R
PIP,AQP5
PIP,CD4
PIP,NPTN
CALM3,GRM7
CALM3,EGFR
CALM3,SELL
CALM3,RYR2
CALM3,GRM5
CALM3,KCNQ3
CALM3,KCNQ5
CALM3,MYLK
CALM3,PDE1A
CALM3,INSR
CALM3,ADCY8
CALM3,PDE1C
CALM3,GP6
CALM3,SCN10A
CALM3,AQP6
CALM3,MYLK2
CALM3,AQP1
CALM3,SCN4A
CALM3,ESR1
CALM3,AR
CALM3,KCNQ1
CALM3,PDE1B
CALM3,TRPC5
CALM3,CACNA1C
TFF2,MUC6
TFF1,MUC5AC
TFF1,FCRL4
S100B,AGER
S100B,ALCAM
S100A1,TLR4
S100A1,RYR2
S100A1,AGER
S100A1,TRPM3
S100A1,RYR1
SCGB3A1,NOTCH3
SCGB3A1,MARCO
HCRT,NPFFR2
HCRT,HCRTR1
HCRT,HCRTR2
SHANK1,ABCA1
SHANK1,SSTR2
SHANK1,ADGRB2
SHANK1,ADGRL2
SHANK1,ADGRL1
WNT1,LRP6
WNT1,LRP5
WNT1,RYK
WNT1,ROR2
WNT1,FZD1
WNT1,FZD7
WNT1,FZD8
WNT1,FZD5
WNT1,FZD9
WNT1,FZD3
CXCL16,ADRA2A
CXCL16,MTNR1A
CXCL16,GRM7
CXCL16,CXCR6
TNFSF12,TNFRSF8
TNFSF12,TNFRSF25
TNFSF12,TNFRSF12A
FGF11,FGFR2
FGF11,FGFR4
FGF11,FGFR1
FGF11,FGFR3
NTN3,NEO1
NTN3,CDON
FGF19,FGFR2
FGF19,FGFR4
FGF19,FGFR1
FGF19,FGFR3
FGF19,KLB
DRAXIN,DCC
VCAM1,ITGB2
VCAM1,ITGAD
VCAM1,ITGA4
VCAM1,ITGB7
VCAM1,ITGB1
VCAM1,EZR
VCAM1,MSN
VCAM1,ITGA9
ARPC5,ADRB2
ARPC5,LRP2
ARPC5,LDLR
INHBB,ACVR1
INHBB,SMAD3
INHBB,ACVR2B
INHBB,ACVR1B
INHBB,ACVR2A
INHBB,ACVR1C
BMP10,ENG
BMP10,ACVRL1
BMP10,BMPR2
BMP10,BMPR1A
BMP10,BMPR1B
BMP10,ACVR2A
TGFA,EGFR
TGFA,ERBB4
TGFA,ERBB2
TGFA,ERBB3
COL6A3,ITGB1
COL6A3,ITGA1
COL6A3,ITGA2
PROK2,PROKR1
PROK2,PROKR2
IHH,PTCH1
IHH,HHIP
IHH,BOC
IHH,CDON
IHH,PTCH2
CXCL3,ADRA2A
CXCL3,MTNR1A
CXCL3,GRM7
CXCL3,CXCR2
CXCL3,CXCR1
CXCL5,ADRA2A
CXCL5,MTNR1A
CXCL5,GRM7
CXCL5,CXCR2
CXCL5,ACKR1
CXCL5,CXCR1
PPBP,ADRA2A
PPBP,MTNR1A
PPBP,GRM7
PPBP,CXCR2
PPBP,ACKR1
PPBP,CXCR1
PF4,ADRA2A
PF4,MTNR1A
PF4,GRM7
PF4,FGFR2
PF4,LRP1
PF4,SDC2
PF4,ACKR1
PF4,CXCR3
PF4,LDLR
PF4,THBD
PF4,PROCR
UCN,CRHR2
UCN,CRHR1
TDGF1,SMAD3
TDGF1,ACVR2B
TDGF1,ACVR1B
TDGF1,ACVR2A
TDGF1,ACVR1C
TDGF1,GPC1
LIPH,LPAR1
LIPH,LPAR4
LIPH,LPAR2
MELTF,TFRC
CAMP,EGFR
CAMP,IGF1R
CAMP,FPR2
CAMP,P2RX7
IL15,IL2RA
IL15,IL2RG
IL15,IL15RA
IL15,IL2RB
SCGB3A2,MARCO
SPINK1,EGFR
SPINK1,NRSN1
IL3,CSF2RB
IL3,IL3RA
CSF2,ITGB1
CSF2,SDC2
CSF2,CSF1R
CSF2,CSF3R
CSF2,CSF2RB
CSF2,IL3RA
CSF2,CSF2RA
CSF2,ITGA9
FABP5,RXRA
SHH,LRP2
SHH,PTCH1
SHH,HHIP
SHH,BOC
SHH,CDON
SHH,PTCH2
SHH,SCUBE2
SHH,GPC5
SHH,GAS1
SHH,SMO
SHH,GPC1
COL1A2,CD44
COL1A2,ITGB1
COL1A2,ITGB3
COL1A2,ITGAV
COL1A2,CD36
COL1A2,ITGA1
COL1A2,ITGA2
COL1A2,CD93
COL1A2,FLT4
COL1A2,ITGA11
COL1A2,ITGA2B
DEFB1,CCR6
COL14A1,CD44
VEGFD,NRP2
VEGFD,ITGA4
VEGFD,ITGB1
VEGFD,ITGA1
VEGFD,ITGA2
VEGFD,ITGA5
VEGFD,FLT4
VEGFD,KDR
VEGFD,FLT1
VEGFD,ITGA9
ARF6,PLD1
ARF6,SMAP1
JAM3,ITGB2
JAM3,ITGB1
HSP90B1,ERBB2
HSP90B1,LRP1
HSP90B1,ASGR1
HSP90B1,TLR2
HSP90B1,TLR4
HSP90B1,TLR1
HSP90B1,TLR9
HSP90B1,TLR7
COL6A2,ITGB1
COL6A2,ITGA1
COL6A2,ITGA2
ANGPTL4,GPIHBP1
ANGPTL4,TIE1
FADD,ABCA1
FADD,TRAF2
FADD,FAS
FADD,TRADD
PNOC,ADRA2A
PNOC,MTNR1A
PNOC,GRM7
PNOC,OPRL1
PRL,PRLR
CCL11,CCR2
CCL11,DPP4
CCL11,ACKR2
CCL11,ACKR1
CCL11,CCR5
CCL11,CCR3
CCL11,ACKR4
CCL11,CXCR3
NRTN,GFRA3
NRTN,RET
NRTN,GFRA2
NRTN,GFRA1
IGF1,IGF2R
IGF1,IGF1R
IGF1,INSR
INSL5,ADRA2A
INSL5,MTNR1A
INSL5,GRM7
INSL5,RXFP4
INSL5,RXFP3
IL16,CCR5
IL16,KCNJ4
IL16,GRIN2B
IL16,KCNJ15
IL16,KCNA3
IL16,KCNJ10
IL16,KCND2
IL16,GRIN2A
IL16,CD4
IL16,KCND1
IL16,GRIN2D
IL16,GRIN2C
HSPA4,TLR4
PCSK9,SORT1
PCSK9,LRP1
PCSK9,LDLR
PCSK9,VLDLR
PCSK9,APLP2
SEMA3E,NRP1
SEMA3E,PLXND1
IL12A,IL12RB1
IL12A,IL12RB2
IL12A,CD28
TRH,TRHR
DEFB4A,TLR4
CD14,ITGB2
CD14,ITGA4
CD14,ITGB1
CD14,TLR6
CD14,TLR4
CD14,RIPK1
CD14,TLR1
CD14,TLR9
COL3A1,ITGB1
COL3A1,ITGA2
COL3A1,DDR2
COL3A1,DDR1
COL3A1,MAG
IL13,IL2RG
IL13,IL13RA2
IL13,IL13RA1
IL13,IL4R
IL13,TMEM219
NLGN2,NRXN1
NLGN2,NRXN3
NLGN2,MDGA1
NLGN2,NRXN2
CXCL10,ADRA2A
CXCL10,MTNR1A
CXCL10,GRM7
CXCL10,DPP4
CXCL10,CCR3
CXCL10,CXCR3
CXCL10,SDC4
BMP1,BMPR2
BMP1,BMPR1A
BMP1,BMPR1B
FGB,ITGB2
FGB,ITGB1
FGB,ITGAM
FGB,ITGB3
FGB,ITGAV
FGB,ITGA5
FGB,ITGA2B
FGB,TLR4
FGA,ITGB2
FGA,ITGAD
FGA,ITGB1
FGA,ITGAM
FGA,ITGB3
FGA,ITGAV
FGA,PLAUR
FGA,ITGA5
FGA,ITGA2B
FGA,TLR4
FGA,ITGAX
FGA,CDH5
CXCL8,ADRA2A
CXCL8,MTNR1A
CXCL8,GRM7
CXCL8,CXCR2
CXCL8,SDC2
CXCL8,ACKR1
CXCL8,SDC1
CXCL8,KDR
CXCL8,CXCR1
CXCL8,SDC3
CXCL8,CD79A
SEMA4C,PLXNB2
CXCL11,ADRA2A
CXCL11,MTNR1A
CXCL11,GRM7
CXCL11,DPP4
CXCL11,ACKR1
CXCL11,CCR3
CXCL11,CXCR3
CXCL11,ACKR3
PRND,RPSA
HAS2,CD44
HAS2,HMMR
NPTX1,NPTXR
RGMB,NEO1
RGMB,BMPR2
RGMB,HJV
RGMB,BMPR1B
F2,ITGA2B
F2,THBD
F2,GP1BA
F2,GP1BB
F2,F2R
F2,F2RL3
F2,F2RL2
F2,F2RL1
F2,GP9
INHBC,ACVR1
INHBC,ACVR2B
INHBC,ACVR1B
INHBC,ACVR2A
CCL19,ADRA2A
CCL19,MTNR1A
CCL19,GRM7
CCL19,ACKR2
CCL19,CCR10
CCL19,ACKR4
CCL19,CXCR3
CCL19,CCRL2
CCL19,CCR7
PLG,ITGB2
PLG,ITGB1
PLG,IGF2R
PLG,ITGAM
PLG,PLAUR
PLG,F3
PLG,FLT1
PLG,F2R
PLG,PLGRKT
PLG,ITGA9
PLG,F2RL1
CLCF1,LIFR
CLCF1,IL6ST
CLCF1,CNTFR
CLCF1,CRLF1
CSHL1,GHR
LPL,CD44
LPL,LRP2
LPL,LRP1
LPL,SDC1
LPL,VLDLR
LPL,GPIHBP1
EFEMP2,AQP1
EFEMP2,PLSCR4
ADAM17,MET
ADAM17,ERBB4
ADAM17,NOTCH1
ADAM17,ITGB1
ADAM17,ITGA5
ADAM17,IL6R
ADAM17,MUC1
ADAM17,RHBDF2
VEGFB,NRP1
VEGFB,RET
VEGFB,FLT1
FGF5,FGFR2
FGF5,FGFR4
FGF5,FGFR1
FGF5,FGFR3
LEP,LRP2
LEP,LEPR
GH1,PRLR
GH1,GHR
GNAI2,ADRA2A
GNAI2,MTNR1A
GNAI2,EGFR
GNAI2,UNC5B
GNAI2,TSHR
GNAI2,CXCR2
GNAI2,CNR1
GNAI2,LHCGR
GNAI2,CAV1
GNAI2,C5AR1
GNAI2,CCR5
GNAI2,CXCR3
GNAI2,CXCR1
GNAI2,MTNR1B
GNAI2,IGF1R
GNAI2,AGTR2
GNAI2,ADCY8
GNAI2,F2R
GNAI2,LPAR3
GNAI2,S1PR5
GNAI2,EDNRA
GNAI2,ADORA1
GNAI2,ADRA2B
GNAI2,FPR1
GNAI2,S1PR3
GNAI2,OPRM1
GNAI2,PTPRU
GNAI2,TBXA2R
GNAI2,EDNRB
GNAI2,DRD2
GNAI2,ADCY7
GNAI2,OPRD1
GNAI2,S1PR4
GNAI2,ADCY9
GNAI2,ADCY1
GNAI2,S1PR1
GNAI2,CHRM1
GNAI2,P2RY12
ANGPT2,TEK
ANGPT2,TIE1
TLN1,ITGB5
TLN1,ITGB3
CSH1,PRLR
AGTRAP,RACK1
PKM,CD44
CALR,MTNR1A
CALR,TSHR
CALR,MPL
CALR,LRP1
CALR,ITGAV
CALR,ITGA2B
CALR,ITGA3
CALR,HLA-F
CALR,SCARF1
DEFB103A,CCR2
TAC1,TACR2
TAC1,TACR3
TAC1,TACR1
LPA,ITGB2
LPA,LRP2
LPA,ITGAM
LPA,LPAR1
LPA,LPAR4
LPA,LPAR2
LPA,LPAR3
FGF8,FGFR2
FGF8,FGFR4
FGF8,FGFR1
FGF8,FGFR3
FGF8,FGFRL1
FGF13,EGFR
FGF13,FGFR2
FGF13,FGFR4
FGF13,FGFR1
FGF13,FGFR3
FGF13,SCN5A
FGF13,SCN8A
MMP1,CD44
MMP1,ITGA2
PENK,ADRA2A
PENK,MTNR1A
PENK,GRM7
PENK,OPRM1
PENK,OPRD1
PENK,OPRK1
PENK,OGFR
PENK,MRGPRX1
LAMA3,ITGB1
LAMA3,SDC2
LAMA3,ITGA3
LAMA3,ITGB4
SEMA6D,PLXNA1
SEMA6D,KDR
SEMA6D,TREM2
SEMA6D,TYROBP
MTMR4,SMAD3
WNT11,FZD7
WNT11,MUSK
WNT11,KLRG2
FBN1,ITGB1
FBN1,ITGB3
FBN1,ITGB6
FBN1,ITGAV
FBN1,ITGA5
PSEN1,NOTCH1
PSEN1,NOTCH4
PSEN1,NOTCH2
PSEN1,NOTCH3
PSEN1,CD44
PSEN1,NCSTN
BGN,TLR2
BGN,TLR4
BGN,TLR1
BGN,LY96
BMP8A,BMPR2
BMP8A,BMPR1A
BMP8A,BMPR1B
CSF1,CSF1R
CSF1,SIRPA
IZUMO1,CD9
IZUMO1,IZUMO1R
P4HB,MTTP
JAG2,NOTCH1
JAG2,NOTCH4
JAG2,NOTCH2
JAG2,NOTCH3
EFNA5,EPHB6
EFNA5,EPHB1
EFNA5,EPHB2
EFNA5,EPHA4
EFNA5,EPHA6
EFNA5,EPHA7
EFNA5,EPHA10
EFNA5,EPHA3
EFNA5,EPHA1
EFNA5,EPHA5
EFNA5,EPHA2
EFNA5,EPHA8
NXPH3,NRXN1
NXPH3,NRXN3
NXPH3,NRXN2
SERPINA7,SLC16A2
NPW,ADRA2A
NPW,MTNR1A
NPW,GRM7
NPW,NPBWR2
NPW,NPBWR1
CTHRC1,FZD6
CTHRC1,FZD5
CTHRC1,FZD3
CNTN2,NRP1
CNTN2,NRCAM
CNTN2,CNTN1
CNTN2,CNTNAP2
BCAN,EGFR
BCAN,NRCAM
GAST,CCKBR
FBLN1,ITGB1
CALCA,PTH1R
CALCA,ADCYAP1R1
CALCA,RAMP2
CALCA,VIPR1
CALCA,RAMP3
CALCA,GPR20
CALCA,ADRB2
CALCA,ADRB3
CALCA,TSHR
CALCA,GPR84
CALCA,CALCR
CALCA,RAMP1
CALCA,CALCRL
COL4A5,ITGB1
COL4A5,ITGAV
COL4A5,ITGA1
COL4A5,ITGA2
COL4A5,CD93
COL4A5,CD47
SLIT3,ROBO2
SLIT3,ROBO1
PMCH,ADRA2A
PMCH,MTNR1A
PMCH,GRM7
PMCH,MCHR1
PMCH,MCHR2
COL7A1,ITGB1
COL7A1,ITGA2
NPB,ADRA2A
NPB,MTNR1A
NPB,GRM7
NPB,NPBWR2
NPB,NPBWR1
GH2,GHR
BTLA,TNFRSF14
BTLA,VTCN1
BTLA,CD247
BTLA,CD79A
TAC4,TACR2
TAC4,TACR3
TAC4,TACR1
FGF3,FGFR2
FGF3,FGFR4
FGF3,FGFR1
FGF3,FGFR3
GHRL,TBXA2R
GHRL,PTGER3
GHRL,MLNR
GHRL,GHSR
GHRL,PTGIR
GHRL,GHRHR
GHRL,GPR39
HSP90AA1,EGFR
HSP90AA1,FGFR3
HSP90AA1,ERBB2
HSP90AA1,LRP1
HSP90AA1,ITGB3
HSP90AA1,CFTR
FGG,ITGB2
FGG,ITGB1
FGG,ITGB3
FGG,ITGAV
FGG,ITGA5
FGG,ITGA2B
FGG,TLR4
CXCL14,CXCR4
EDN3,EDNRA
EDN3,EDNRB
EDN3,KEL
RTN4,RTN4RL1
RTN4,LINGO1
RTN4,TNFRSF19
RTN4,GJB2
RTN4,RTN4R
RTN4,NGFR
RTN4,CNTNAP1
C1QTNF1,AVPR2
DMP1,ITGB3
DMP1,PHEX
NTN4,DCC
NTN4,UNC5A
WNT7B,LRP5
WNT7B,FZD1
WNT7B,FZD4
WNT7B,TMED5
WNT7B,FZD10
PTN,ALK
PTN,SDC1
PTN,SDC3
PTN,PTPRB
PTN,PTPRZ1
PTN,PTPRS
NCR3LG1,NCR3
COL9A3,ITGB1
COL9A3,MAG
SLPI,PLSCR4
SLPI,CD4
ICAM4,ITGAL
ICAM4,ITGB2
ICAM4,ITGA4
ICAM4,ITGB1
ICAM4,ITGAM
ICAM4,ITGB3
ICAM4,ITGAV
ICAM4,ITGA2B
ICAM4,RHAG
TNFSF13,TNFRSF1A
TNFSF13,SDC2
TNFSF13,TNFRSF11B
TNFSF13,TNFRSF14
TNFSF13,TNFRSF13B
TNFSF13,FAS
TNFSF13,TNFRSF17
HMGB1,CXCR4
HMGB1,SDC1
HMGB1,TLR2
HMGB1,TLR4
HMGB1,THBD
HMGB1,AGER
HMGB1,TLR9
HMGB1,CD163
FYN,SPN
FYN,THY1
FN1,TSHR
FN1,ITGA4
FN1,CD44
FN1,ITGB7
FN1,ITGB1
FN1,COL13A1
FN1,SDC2
FN1,DPP4
FN1,ITGB3
FN1,ITGB6
FN1,ITGAV
FN1,ITGB8
FN1,ITGA6
FN1,ITGA2
FN1,PLAUR
FN1,C5AR1
FN1,ITGA5
FN1,FLT4
FN1,TMPRSS6
FN1,ITGA8
FN1,ITGA2B
FN1,TNFRSF11B
FN1,MAG
FN1,ITGA3
FN1,CD79A
FN1,NT5E
FN1,ITGA9
FN1,IL17RC
FN1,ROBO4
COL18A1,ITGB5
COL18A1,ITGB1
COL18A1,ITGB3
COL18A1,ITGA5
COL18A1,KDR
COL18A1,GPC4
COL18A1,ITGA3
COL18A1,GPC1
HP,ITGB2
HP,ASGR1
HP,ITGAM
HP,TLR4
HP,CD163
HP,CD22
HP,ASGR2
RSPO1,LGR6
RSPO1,LGR4
RSPO1,LGR5
RSPO1,LRP6
RSPO1,FZD8
RSPO1,ZNRF3
RSPO3,LGR6
RSPO3,LGR4
RSPO3,LGR5
RSPO3,LRP6
RSPO3,FZD8
RSPO3,SDC4
ADAM15,ITGB1
ADAM15,ITGB3
ADAM15,ITGAV
ADAM15,ITGA5
ADAM15,ITGA9
CALM1,GRM7
CALM1,EGFR
CALM1,ADCYAP1R1
CALM1,VIPR1
CALM1,SELL
CALM1,CALCR
CALM1,RYR2
CALM1,GRM5
CALM1,HTR2C
CALM1,PTH2R
CALM1,KCNQ3
CALM1,KCNQ5
CALM1,MYLK
CALM1,PDE1A
CALM1,INSR
CALM1,ADCY8
CALM1,PDE1C
CALM1,GP6
CALM1,SCN10A
CALM1,AQP6
CALM1,MYLK2
CALM1,AQP1
CALM1,SCN4A
CALM1,CRHR1
CALM1,FAS
CALM1,HMMR
CALM1,OPRM1
CALM1,GRM3
CALM1,GRM4
CALM1,GLP1R
CALM1,TRPC3
CALM1,PTPRA
CALM1,SCTR
CALM1,KCNQ1
CALM1,PDE1B
CALM1,MIP
CALM1,GLP2R
CALM1,TRPC5
CALM1,KCNN4
CALM1,CACNA1C
CALM1,CNGA2
COL9A1,ITGB1
COL9A1,MAG
GIP,PTH1R
GIP,ADCYAP1R1
GIP,RAMP2
GIP,VIPR1
GIP,RAMP3
GIP,GPR20
GIP,ADRB2
GIP,ADRB3
GIP,TSHR
GIP,GPR84
GIP,DPP4
GIP,INSR
GIP,GIPR
APOA4,LRP2
APOA4,LRP1
APOA4,LDLR
SEMA4F,NRP2
GAD1,GRM4
ITIH2,FCER1A
ALKAL1,ALK
NLGN3,NRXN1
NLGN3,NRXN3
NLGN3,NRXN2
CCL20,ADRA2A
CCL20,MTNR1A
CCL20,GRM7
CCL20,CXCR3
CCL20,CCR6
FGF17,FGFR2
FGF17,FGFR4
FGF17,FGFR1
FGF17,FGFR3
PYY,ADRA2A
PYY,MTNR1A
PYY,GRM7
PYY,DPP4
PYY,NPY5R
PYY,NPY1R
PYY,NPY4R
PYY,FAP
PYY,NPY2R
F8,LRP1
F8,LDLR
F8,ASGR2
COL4A2,ITGB5
COL4A2,ITGB3
COL4A2,CD93
LAMC3,ITGB1
LAMC3,ITGA6
LAMC3,ITGA2
LAMC3,ITGA3
LAMC3,ITGB4
CCL28,ADRA2A
CCL28,MTNR1A
CCL28,GRM7
CCL28,ACKR2
CCL28,CCR10
CCL28,CCR3
CXCL9,ADRA2A
CXCL9,MTNR1A
CXCL9,GRM7
CXCL9,DPP4
CXCL9,CCR3
CXCL9,CXCR3
CXCL9,FCGR2A
CXCL9,KIR2DL3
COL6A1,ITGB1
COL6A1,ITGA6
COL6A1,ITGA1
COL6A1,ITGA2
TGM2,ITGA4
TGM2,ITGB1
TGM2,ITGB3
TGM2,SDC4
TGM2,TBXA2R
TGM2,ADGRG1
TGM2,ITGA9
CNTF,EGFR
CNTF,LIFR
CNTF,IL6ST
CNTF,IL6R
CNTF,CNTFR
AGT,ADRA2A
AGT,MTNR1A
AGT,GRM7
AGT,LRP2
AGT,AGTR2
AGT,AGTR1
AGT,MAS1
AGT,ENPEP
DLL1,NOTCH1
DLL1,NOTCH4
DLL1,NOTCH2
DLL1,NOTCH3
THBS2,NOTCH4
THBS2,NOTCH3
THBS2,ITGA4
THBS2,ITGB1
THBS2,ITGB3
THBS2,CD36
THBS2,ITGA6
THBS2,CD47
LEFTY2,ACVR2B
LEFTY2,ACVR1B
LEFTY2,ACVR2A
TGFB2,ACVR1
TGFB2,ENG
TGFB2,TGFBR2
TGFB2,TGFBR1
TGFB2,TGFBR3
C4BPA,LRP1
C4BPA,BMPR2
C4BPA,CD40
VIP,PTH1R
VIP,ADCYAP1R1
VIP,RAMP2
VIP,VIPR1
VIP,RAMP3
VIP,GPR20
VIP,ADRB2
VIP,VIPR2
VIP,ADRB3
VIP,TSHR
VIP,GPR84
VIP,AVPR1A
VIP,DPP4
VIP,RAMP1
VIP,SCTR
VIP,NPR3
CFH,ITGAM
CFH,SELL
PTGS2,CAV1
PTGS2,ALOX5
PTGS2,PTGDR2
FASLG,TNFRSF1A
FASLG,TNFRSF10B
FASLG,FAS
FASLG,TNFRSF6B
XCL1,ADGRV1
XCL1,XCR1
CCN2,EGFR
CCN2,ERBB4
CCN2,ITGB2
CCN2,LRP1
CCN2,ITGAM
CCN2,LRP6
CCN2,ITGA5
CCN2,NTRK1
APOA2,LRP2
APOA2,LRP1
APOA2,LDLR
SEMA4A,NRP1
SEMA4A,PLXNB2
SEMA4A,PLXND1
SEMA4A,PLXNB3
SEMA4A,PLXNB1
EFNA1,EPHB6
EFNA1,EPHB1
EFNA1,EPHA4
EFNA1,EPHA6
EFNA1,EPHA7
EFNA1,EPHA10
EFNA1,EPHA3
EFNA1,EPHA1
EFNA1,EPHA5
EFNA1,EPHA2
EFNA1,EPHA8
EFNA3,EPHB6
EFNA3,EPHB1
EFNA3,EPHA4
EFNA3,EPHA6
EFNA3,EPHA7
EFNA3,EPHA10
EFNA3,EPHA3
EFNA3,EPHA1
EFNA3,EPHA5
EFNA3,EPHA2
EFNA3,EPHA8
ADAM12,ITGB1
ADAM12,SDC4
ADAM12,ITGA9
S100A8,ITGB2
S100A8,CD36
S100A8,TLR4
S100A8,AGER
S100A8,CD69
S100A8,CD68
S100A12,CD36
S100A12,TLR4
S100A9,ITGB2
S100A9,CD36
S100A9,TLR4
S100A9,AGER
S100A9,ALCAM
S100A9,CD68
NGF,SORT1
NGF,NTRK1
NGF,SORCS2
NGF,TRPV1
NGF,MAGED1
NGF,BEX3
NGF,SORCS3
NGF,NGFR
NGF,KIDINS220
WNT2B,FZD4
L1CAM,EGFR
L1CAM,FGFR2
L1CAM,ERBB2
L1CAM,EPHB2
L1CAM,ITGAV
L1CAM,ITGA5
L1CAM,ERBB3
L1CAM,CNTN1
COL11A1,ITGB1
COL11A1,ITGA2
COL11A1,DDR1
CD40LG,ITGB2
CD40LG,ITGAM
CD40LG,CD40
CD40LG,TRAF3
BMP5,BMPR2
BMP5,BMPR1A
BMP5,HJV
BMP5,BMPR1B
ITGB3BP,ITGB5
ITGB3BP,ITGB3
GNAS,VIPR1
GNAS,ADRB3
GNAS,TSHR
GNAS,AVPR2
GNAS,LHCGR
GNAS,HTR6
GNAS,ADCY8
GNAS,CRHR1
GNAS,ADORA1
GNAS,ADCY7
GNAS,GLP1R
GNAS,GCGR
GNAS,PTGIR
GNAS,ADCY9
GNAS,ADCY1
GNAS,PTGDR
ANGPTL3,ITGB3
ANGPTL3,ITGAV
ANGPTL3,ITGA5
RBP4,STRA6
COL5A1,ITGB1
COL5A1,ITGA1
COL5A1,SDC3
CEL,CXCR4
SFTPD,TLR4
SFTPD,SIRPA
SFTPD,LY96
MMP9,ITGB2
MMP9,EPHB2
MMP9,CD44
MMP9,LRP1
MMP9,ITGAM
MMP9,IFNAR1
MMP9,RECK
MMP9,TLR9
EDN2,EDNRA
EDN2,EDNRB
EDN2,KEL
SPTAN1,PTPRA
COL9A2,ITGB1
COL9A2,MAG
PLAU,ITGB2
PLAU,ITGB5
PLAU,LRP2
PLAU,ITGB1
PLAU,IGF2R
PLAU,LRP1
PLAU,ITGAM
PLAU,ITGAV
PLAU,ST14
PLAU,PLAUR
PLAU,ITGA5
PLAU,VLDLR
PLAU,ITGA3
PLAU,MRC2
BMP8B,PLAUR
BMP8B,BMPR2
BMP8B,BMPR1A
BMP8B,BMPR1B
ANGPTL2,TIE1
ANGPTL2,LILRB2
GHRH,PTH1R
GHRH,ADCYAP1R1
GHRH,RAMP2
GHRH,VIPR1
GHRH,RAMP3
GHRH,GPR20
GHRH,ADRB2
GHRH,ADRB3
GHRH,TSHR
GHRH,GPR84
GHRH,GHRHR
COL16A1,ITGB1
TNFSF15,TNFRSF25
TNFSF15,TNFRSF6B
GDF5,ACVR1
GDF5,ROR2
GDF5,ACVR2B
GDF5,BMPR2
GDF5,BMPR1A
GDF5,BMPR1B
GDF5,ACVR2A
EDA,EDA2R
EDA,EDAR
HSPG2,FGFR1
HSPG2,LRP2
HSPG2,ITGB1
HSPG2,COL13A1
HSPG2,LRP1
HSPG2,SDC1
HSPG2,ITGA2
HSPG2,PTPRS
COL5A2,ITGB1
COL5A2,ITGA1
COL5A2,DDR1
F10,ITGB2
F10,ITGAM
F10,F3
SYK,LAT
SYK,FCGR2A
COL4A1,ITGB1
COL4A1,ITGAV
COL4A1,ITGB8
COL4A1,ITGA1
COL4A1,ITGA2
COL4A1,CD93
COL4A1,CD47
FGF14,FGFR2
FGF14,FGFR4
FGF14,FGFR1
FGF14,FGFR3
HLA-C,NOTCH4
HLA-C,LILRB2
HLA-C,CD3G
HLA-C,KIR3DL1
HLA-C,LILRA1
HLA-C,CD3D
HLA-C,LILRB1
HLA-C,KIR2DL1
HLA-C,KIR2DL3
HLA-E,KLRK1
HLA-E,KIR3DL1
HLA-E,KLRC2
HLA-E,KLRD1
HLA-E,KLRC1
ANXA1,ADRA2A
ANXA1,MTNR1A
ANXA1,FPR3
ANXA1,GRM7
ANXA1,EGFR
ANXA1,DYSF
ANXA1,FPR2
ANXA1,FPR1
IL31,OSMR
IL31,IL31RA
CORT,ADRA2A
CORT,MTNR1A
CORT,GRM7
CORT,SSTR5
CORT,SSTR2
CORT,SSTR3
CORT,GHSR
CORT,SSTR4
CORT,SSTR1
CORT,MRGPRX2
ACTR2,ADRB2
ACTR2,LRP2
ACTR2,LDLR
NDP,LGR4
NDP,FZD4
CCL7,CCR2
CCL7,ACKR2
CCL7,ACKR1
CCL7,CCR1
CCL7,CCR5
CCL7,CCR10
CCL7,CCR3
CCL7,ACKR4
CCL7,CXCR3
GDF9,TGFBR1
GDF9,BMPR2
GDF9,BMPR1A
GDF9,BMPR1B
GDF9,ACVR2A
BMP2,ACVR1
BMP2,ENG
BMP2,ACVR2B
BMP2,BMPR2
BMP2,BMPR1A
BMP2,HJV
BMP2,BMPR1B
BMP2,ACVR2A
BMP2,SMO
BMP2,GPC1
AGRN,LRP2
AGRN,ITGB1
AGRN,LRP1
AGRN,LRP4
AGRN,MUSK
AGRN,ATP1A3
INSL3,PTH1R
INSL3,ADCYAP1R1
INSL3,RAMP2
INSL3,VIPR1
INSL3,RAMP3
INSL3,GPR20
INSL3,ADRB2
INSL3,ADRB3
INSL3,TSHR
INSL3,GPR84
INSL3,RXFP2
INSL3,RXFP1
AVP,PTH1R
AVP,ADCYAP1R1
AVP,RAMP2
AVP,VIPR1
AVP,RAMP3
AVP,GPR20
AVP,ADRB2
AVP,ADRB3
AVP,TSHR
AVP,GPR84
AVP,LRP2
AVP,AVPR2
AVP,AVPR1B
AVP,AVPR1A
AVP,OXTR
AVP,LDLR
UCN3,IL10RB
UCN3,CRHR2
UCN3,CRHR1
SHBG,CLDN4
SHBG,GPRC6A
SHBG,SLC37A1
COL2A1,ITGB1
COL2A1,ITGA1
COL2A1,ITGA2
COL2A1,DDR1
COL2A1,ITGA2B
COL2A1,MAG
COL2A1,TNFRSF10A
COL2A1,ITGA10
RLN2,PTH1R
RLN2,ADCYAP1R1
RLN2,RAMP2
RLN2,VIPR1
RLN2,RAMP3
RLN2,GPR20
RLN2,ADRB2
RLN2,ADRB3
RLN2,TSHR
RLN2,GPR84
RLN2,RXFP2
RLN2,RXFP1
RLN2,RXFP3
ZG16B,CXCR4
ZG16B,TLR2
ZG16B,TLR4
ZG16B,TLR5
FGF9,FGFR2
FGF9,FGFR4
FGF9,FGFR1
FGF9,FGFR3
SEMA5A,MET
SEMA5A,PLXNB3
RPH3A,NRXN1
LAMA1,ITGB1
LAMA1,SDC2
LAMA1,ITGB8
LAMA1,ITGA7
LAMA1,ITGA6
LAMA1,ITGA1
LAMA1,ITGA2
LAMA1,TMPRSS6
LAMA1,SDC4
LAMA1,RPSA
LAMA1,ITGA3
LAMA1,ITGB4
LAMA1,NT5E
LAMA1,GPC1
CCL25,ADRA2A
CCL25,MTNR1A
CCL25,GRM7
CCL25,ACKR2
CCL25,CCR10
CCL25,ACKR4
CCL25,CCR9
LAMB3,ITGB1
LAMB3,ITGA6
LAMB3,ITGA2
LAMB3,CD151
LAMB3,COL17A1
LAMB3,ITGA3
LAMB3,ITGB4
AFDN,EPHB6
AFDN,EPHB3
AFDN,EPHB2
AFDN,EPHA7
AFDN,F11R
AFDN,NRXN3
AFDN,NECTIN3
AFDN,NECTIN2
AFDN,NECTIN1
AFDN,NRXN2
AFDN,NECTIN4
CSH2,PRLR
IL1F10,IL1RL2
IL1F10,IL1R1
CCL8,CCR2
CCL8,ACKR2
CCL8,ACKR1
CCL8,CCR1
CCL8,CCR5
CCL8,CCR3
CCL8,ACKR4
COL4A6,ITGB1
COL4A6,ITGAV
COL4A6,ITGA1
COL4A6,ITGA2
COL4A6,CD93
COL4A6,CD47
CCL26,CCR2
CCL26,CCR1
CCL26,CCR3
SPP1,ITGB5
SPP1,ITGA4
SPP1,CD44
SPP1,ITGB1
SPP1,ITGB3
SPP1,ITGAV
SPP1,ITGA5
SPP1,ITGA9
SPP1,PTGER4
LGALS9,CD44
LGALS9,CD47
LGALS9,SLC1A5
LGALS9,MRC2
LGALS9,HAVCR2
ADM2,PTH1R
ADM2,ADCYAP1R1
ADM2,RAMP2
ADM2,VIPR1
ADM2,RAMP3
ADM2,GPR20
ADM2,ADRB2
ADM2,ADRB3
ADM2,TSHR
ADM2,GPR84
ADM2,CALCR
ADM2,RAMP1
ADM2,CALCRL
CXCL12,ADRA2A
CXCL12,MTNR1A
CXCL12,GRM7
CXCL12,CXCR4
CXCL12,ITGB1
CXCL12,AVPR1A
CXCL12,CCR4
CXCL12,DPP4
CXCL12,CXCR3
CXCL12,SDC4
CXCL12,CD4
CXCL12,ACKR3
BMP7,ACVR1
BMP7,ENG
BMP7,ACVR2B
BMP7,BMPR2
BMP7,BMPR1A
BMP7,BMPR1B
BMP7,ACVR2A
COL4A3,ITGB1
COL4A3,ITGB3
COL4A3,ITGAV
COL4A3,ITGA1
COL4A3,ITGA2
COL4A3,CD93
COL4A3,CD47
COL4A3,ITGA3
COL4A4,ITGB1
COL4A4,ITGB3
COL4A4,ITGAV
COL4A4,ITGA1
COL4A4,ITGA2
COL4A4,CD93
COL4A4,CD47
HLA-A,ERBB2
HLA-A,LILRB2
HLA-A,CD3G
HLA-A,KIR3DL1
HLA-A,LILRA1
HLA-A,APLP2
HLA-A,CD3D
HLA-A,LILRB1
HLA-A,KIR3DL2
HLA-A,KIR2DL1
HLA-A,KIR2DL3
CNTN4,PTPRG
TCTN1,TMEM67
PDCD1LG2,PDCD2
PDCD1LG2,PDCD1
NPS,PTH1R
NPS,ADCYAP1R1
NPS,RAMP2
NPS,VIPR1
NPS,RAMP3
NPS,GPR20
NPS,ADRB2
NPS,ADRB3
NPS,TSHR
NPS,GPR84
NPS,NPSR1
TNFSF11,LGR4
TNFSF11,TNFRSF11B
TNFSF11,TNFRSF11A
DSCAM,DCC
POMC,ADRA2A
POMC,MTNR1A
POMC,GRM7
POMC,PTH1R
POMC,ADCYAP1R1
POMC,RAMP2
POMC,VIPR1
POMC,RAMP3
POMC,GPR20
POMC,ADRB2
POMC,ADRB3
POMC,TSHR
POMC,GPR84
POMC,MC2R
POMC,MC4R
POMC,MC5R
POMC,OPRM1
POMC,MC1R
POMC,OPRD1
POMC,MC3R
POMC,OPRK1
FBLN2,ITGB3
NPY,ADRA2A
NPY,MTNR1A
NPY,GRM7
NPY,PRLHR
NPY,DPP4
NPY,NPFFR2
NPY,MC4R
NPY,NPY5R
NPY,NPY1R
NPY,NPY4R
NPY,FAP
NPY,NPY2R
NXPH1,NRXN1
NXPH1,NRXN3
NXPH1,NRXN2
SAA1,ADRA2A
SAA1,MTNR1A
SAA1,GRM7
SAA1,TLR2
SAA1,SCARB1
SAA1,FPR2
SAA1,FPR1
MDK,ALK
MDK,ITGA4
MDK,LRP2
MDK,ITGB1
MDK,LRP1
MDK,SDC1
MDK,ITGA6
MDK,SDC4
MDK,SDC3
MDK,SORL1
MDK,PTPRZ1
MDK,GPC2
MDK,TSPAN1
TF,ADRB2
TF,LRP2
TF,LDLR
TF,TFRC
TF,TFR2
TF,HFE
ARTN,GFRA3
ARTN,RET
ARTN,GFRA2
ARTN,GFRA1
GCG,PTH1R
GCG,ADCYAP1R1
GCG,RAMP2
GCG,VIPR1
GCG,RAMP3
GCG,GPR20
GCG,ADRB2
GCG,ADRB3
GCG,TSHR
GCG,GPR84
GCG,DPP4
GCG,GLP1R
GCG,GCGR
GCG,GLP2R
ADIPOQ,GPR42
ADIPOQ,ADIPOR1
ADIPOQ,ADIPOR2
ADIPOQ,CNR2
PTPN6,CD300LF
PTPN6,FCRL4
PTPN6,CLEC12A
APLN,ADRA2A
APLN,MTNR1A
APLN,GRM7
APLN,APLNR
NLGN1,NRXN1
NLGN1,NRXN3
NLGN1,NRXN2
CLEC2A,KLRF2
C4A,C5AR2
C4A,C3AR1
C4A,CR1
NTF3,NTRK1
NTF3,NGFR
NTF3,NTRK2
NTF3,NTRK3
RLN3,ADRA2A
RLN3,MTNR1A
RLN3,GRM7
RLN3,PTH1R
RLN3,ADCYAP1R1
RLN3,RAMP2
RLN3,VIPR1
RLN3,RAMP3
RLN3,GPR20
RLN3,ADRB2
RLN3,ADRB3
RLN3,TSHR
RLN3,GPR84
RLN3,RXFP2
RLN3,RXFP1
RLN3,RXFP4
RLN3,RXFP3
TNF,TNFRSF1A
TNF,TNFRSF1B
TNF,NOTCH1
TNF,FLT4
TNF,RIPK1
TNF,TRAF2
TNF,TNFRSF21
TNF,FAS
TNF,TRADD
TNF,PTPRS
TNF,FFAR2
TNF,CELSR2
TNF,ICOS
TNF,VSIR
TNF,TRPM2
CCN1,ITGB2
CCN1,ITGB5
CCN1,ITGAM
CCN1,ITGB3
CCN1,ITGAV
CCN1,CAV1
CCN1,ITGA5
CCN1,TLR2
CCN1,TLR4
HLA-B,LILRB2
HLA-B,CD3G
HLA-B,KIR3DL1
HLA-B,KLRD1
HLA-B,CANX
HLA-B,LILRA1
HLA-B,CD3D
HLA-B,LILRB1
HLA-B,KIR3DL2
HLA-B,KIR2DL3
FGF16,FGFR2
FGF16,FGFR4
FGF16,FGFR1
FGF16,FGFR3
LAMA2,ITGB1
LAMA2,ITGA7
LAMA2,ITGA6
LAMA2,ITGA1
LAMA2,ITGA2
LAMA2,RPSA
LAMA2,ITGA3
LAMA2,ITGB4
CCL24,CCR2
CCL24,ACKR2
CCL24,CCR3
HRAS,SDC2
HRAS,CAV1
HRAS,TLR2
HRAS,INSR
HRAS,TLR9
HRAS,AGTR1
HRAS,GRIN2D
GDNF,GFRA3
GDNF,RET
GDNF,GFRA2
GDNF,GFRA1
GDNF,EDNRB
HLA-G,LILRB2
HLA-G,KIR3DL1
HLA-G,KLRD1
HLA-G,KLRC1
HLA-G,CD4
HLA-G,LILRB1
HLA-G,KIR2DL4
EFNA4,EPHA4
EFNA4,EPHA6
EFNA4,EPHA7
EFNA4,EPHA10
EFNA4,EPHA3
EFNA4,EPHA1
EFNA4,EPHA5
EFNA4,EPHA2
EFNA4,EPHA8
ICAM2,ITGAL
ICAM2,ITGB2
ICAM2,ITGAM
FSHB,PTH1R
FSHB,ADCYAP1R1
FSHB,RAMP2
FSHB,VIPR1
FSHB,RAMP3
FSHB,GPR20
FSHB,ADRB2
FSHB,ADRB3
FSHB,TSHR
FSHB,GPR84
FSHB,FSHR
RARRES2,CCRL2
RARRES2,GPR1
RARRES2,CMKLR1
LRPAP1,SORT1
LRPAP1,LRP2
LRPAP1,LRP1
LRPAP1,LDLR
LRPAP1,VLDLR
LRPAP1,LRP8
LRPAP1,SORL1
C1QTNF5,MFRP
HSPA8,ADRB2
HSPA8,LRP2
HSPA8,LDLR
CALCB,PTH1R
CALCB,ADCYAP1R1
CALCB,RAMP2
CALCB,VIPR1
CALCB,RAMP3
CALCB,GPR20
CALCB,ADRB2
CALCB,ADRB3
CALCB,TSHR
CALCB,GPR84
CALCB,CALCR
CALCB,RAMP1
CALCB,CALCRL
ADM,PTH1R
ADM,ADCYAP1R1
ADM,RAMP2
ADM,VIPR1
ADM,RAMP3
ADM,GPR20
ADM,ADRB2
ADM,ADRB3
ADM,TSHR
ADM,GPR84
ADM,CALCR
ADM,RAMP1
ADM,CALCRL
ADM,GPR182
PTHLH,PTH1R
PTHLH,ADCYAP1R1
PTHLH,RAMP2
PTHLH,VIPR1
PTHLH,RAMP3
PTHLH,GPR20
PTHLH,ADRB2
PTHLH,ADRB3
PTHLH,TSHR
PTHLH,GPR84
PTHLH,PTH2R
ADCYAP1,PTH1R
ADCYAP1,ADCYAP1R1
ADCYAP1,RAMP2
ADCYAP1,VIPR1
ADCYAP1,RAMP3
ADCYAP1,GPR20
ADCYAP1,ADRB2
ADCYAP1,VIPR2
ADCYAP1,ADRB3
ADCYAP1,TSHR
ADCYAP1,GPR84
ADCYAP1,DPP4
ADCYAP1,SCTR
CGA,PTH1R
CGA,ADCYAP1R1
CGA,RAMP2
CGA,VIPR1
CGA,RAMP3
CGA,GPR20
CGA,ADRB2
CGA,ADRB3
CGA,TSHR
CGA,GPR84
CGA,LHCGR
CGA,FSHR
S100A10,CFTR
S100A10,TRPV6
SHANK2,CFTR
LGALS8,ITGA3
RELN,ITGB1
RELN,VLDLR
RELN,LRP8
RELN,ITGA3
LAMB2,ITGB1
LAMB2,RPSA
LAMB2,ITGA3
LAMB2,ITGB4
ADAM9,ITGB5
ADAM9,ITGB1
ADAM9,ITGAV
ADAM9,ITGA6
ADAM9,ITGA3
S100A4,EGFR
S100A4,ERBB2
S100A4,CCR5
S100A4,PGLYRP1
CPAMD8,SCTR
TNFSF13B,TFRC
TNFSF13B,TNFRSF13B
TNFSF13B,CD40
TNFSF13B,TNFRSF17
TNFSF13B,TNFRSF13C
CALML3,KCNQ1
LTA,TNFRSF1A
LTA,TNFRSF1B
LTA,TNFRSF14
LTA,RIPK1
LTA,LTBR
LTB,TNFRSF1A
LTB,CD40
LTB,LTBR
NTF4,NTRK1
NTF4,BEX3
NTF4,NGFR
NTF4,NTRK2
BDNF,SORT1
BDNF,BEX3
BDNF,NGFR
BDNF,DRD4
BDNF,NTRK2
CD99,CD81
CD99,PILRA
FGF1,NRP1
FGF1,EGFR
FGF1,FGFR2
FGF1,FGFR4
FGF1,FGFR1
FGF1,FGFR3
FGF1,CD44
FGF1,FGFRL1
FGF1,TGFBR3
FAM3C,GLRA2
FAM3C,LAMP1
MLN,MLNR
RIMS1,SLC17A7
RIMS1,CACNA1C
RIMS1,SLC18A2
RIMS1,SLC18A3
KLK3,EPOR
C1QB,LRP1
C1QB,C1QBP
GNRH2,GNRHR
GNRH1,GNRHR
IL22,IL10RB
IL22,IL21R
IL22,IL10RA
IL22,IL22RA1
IL22,IL22RA2
IL10,IL10RB
IL10,IL10RA
TNFSF14,TNFRSF14
TNFSF14,TNFRSF6B
TNFSF14,LTBR
CLEC2D,KLRB1
IL33,IL1RL1
KISS1,KISS1R
KISS1,MMP24
PDYN,ADRA2A
PDYN,MTNR1A
PDYN,GRM7
PDYN,OPRM1
PDYN,OPRD1
PDYN,OPRK1
PODXL2,SELL
CD34,SELL
CD34,SELP
MUC7,SELL
PODXL,SELL
MICB,KLRK1
MICA,KLRK1
RAET1L,KLRK1
ULBP2,KLRK1
ULBP3,KLRK1
RAET1E,KLRK1
RAET1G,KLRK1
GDF2,ACVR1
GDF2,ENG
GDF2,ACVRL1
GDF2,ACVR2B
GDF2,BMPR2
GDF2,ACVR2A
FLT3LG,FLT3
CD55,CR1
CD55,ADGRE5
CD55,ADGRE2
GPC3,LRP2
GPC3,LRP1
GPC3,CD81
GPC3,IGF1R
PDGFB,LRP1
PDGFB,ITGAV
PDGFB,PDGFRB
PDGFB,ART1
PDGFB,PDGFRA
PDGFB,S1PR1
A2M,LRP1
SERPINA1,LRP1
SERPINE2,LRP1
MMP13,LRP1
FCN2,LRP1
HPX,LRP1
LIPC,LRP1
PSAP,SORT1
PSAP,LRP1
PSAP,AR
PSAP,GPR37
PSAP,GPR37L1
PSAP,CD1B
ASIP,F11R
ASIP,MC2R
ASIP,MC4R
ASIP,MC5R
ASIP,MC1R
ASIP,MC3R
ASIP,MGRN1
ASIP,ATRN
SFTPA2,CD93
MBL2,CD93
MBL2,CALCR
C1QA,CD93
C1QA,CR1
C1QA,CSPG4
IGFL2,IGFLR1
IGFL1,IGFLR1
IGFL3,IGFLR1
GSTP1,EGFR
GSTP1,TRAF2
GALP,GALR2
GALP,GALR1
GALP,GALR3
NTNG2,LRRC4
NTNG2,LRRC4C
CCL5,ADRA2A
CCL5,MTNR1A
CCL5,GRM7
CCL5,CCR4
CCL5,ACKR2
CCL5,ACKR1
CCL5,SDC1
CCL5,CCR1
CCL5,CCR5
CCL5,CCR3
CCL5,ACKR4
CCL5,CXCR3
CCL5,SDC4
CCL5,CCRL2
CCL5,GPR75
GUCA2B,GUCY2D
GUCA2B,GUCY2C
CLEC3A,CLEC10A
NMS,ADRA2A
NMS,MTNR1A
NMS,GRM7
NMS,NMUR1
NMS,NMUR2
ARF1,CHRM3
ARF1,PLD2
ARF1,INSR
VEGFC,NRP2
VEGFC,ITGB1
VEGFC,FLT4
VEGFC,KDR
VEGFC,FLT1
VEGFC,CCBE1
VEGFC,LYVE1
VEGFC,ITGA9
DLK1,NOTCH1
DLK1,NOTCH2
DLK1,NOTCH3
MFNG,NOTCH1
MFNG,NOTCH2
CCL16,ADRA2A
CCL16,MTNR1A
CCL16,GRM7
CCL16,CCR2
CCL16,CCR8
CCL16,CCR1
CCL16,CCR5
CCL16,HRH4
DSC3,DSG2
DSC3,DSG3
DSC3,DSG1
DSC2,DSG2
DSC2,DSG1
PDGFC,PDGFRB
PDGFC,FLT4
PDGFC,KDR
PDGFC,FLT1
PDGFC,PDGFRA
PDGFD,PDGFRB
PDGFD,PDGFRA
PDGFA,PDGFRB
PDGFA,PDGFRA
FGF21,FGFR2
FGF21,FGFR4
FGF21,FGFR1
FGF21,FGFR3
FGF21,KLB
NMB,GRPR
NMB,BRS3
NMB,NMBR
B2M,TFRC
B2M,CD247
B2M,LILRB2
B2M,CD3G
B2M,KIR3DL1
B2M,KLRC2
B2M,KLRD1
B2M,KLRC1
B2M,HFE
B2M,HLA-F
B2M,CD1A
B2M,CD3D
B2M,LILRB1
B2M,KIR2DL1
B2M,KIR2DL3
B2M,CD1B
SFTPA1,TLR2
RNASE2,TLR2
CCN6,SORL1
EDIL3,ITGB5
EDIL3,ITGAV
AZGP1,ITGAV
VEGFA,NRP1
VEGFA,NRP2
VEGFA,EGFR
VEGFA,EPHB2
VEGFA,ITGB1
VEGFA,ITGB3
VEGFA,ITGAV
VEGFA,KDR
VEGFA,RET
VEGFA,SIRPA
VEGFA,FLT1
VEGFA,GRIN2B
VEGFA,TYRO3
VEGFA,GPC1
VEGFA,ITGA9
CP,SLC40A1
GUCA2A,GUCY2C
SOSTDC1,LRP6
WNT9B,LRP6
SOST,LRP6
SOST,LRP5
DKK1,LRP6
DKK1,LRP5
DKK1,KREMEN2
DKK1,KREMEN1
CRISP3,A1BG
HSPA1A,TLR4
HSPA1A,GRIN2D
IL27,IL27RA
CD24,SELP
CD24,SIGLEC10
GAS6,AXL
GAS6,TYRO3
GAS6,MERTK
PROS1,AXL
PROS1,TYRO3
PROS1,MERTK
GC,LRP2
ALB,LRP2
INS,LRP2
INS,IGF1R
INS,INSR
INS,LILRB2
INS,LILRB1
CUBN,LRP2
SCGB1A1,LRP2
SCGB1A1,LMBR1L
LCN2,LRP2
GREM1,KDR
NRG1,EGFR
NRG1,ERBB4
NRG1,ERBB2
NRG1,LGR4
NRG1,ERBB3
NRG1,ADGRL1
NRG1,GPC1
NRG1,MS4A4A
SERPINC1,SDC2
SERPINC1,GPC1
SLIT2,DCC
SLIT2,SDC1
SLIT2,ROBO2
SLIT2,ROBO1
SLIT2,GPC1
SLIT2,ROBO4
CD274,CD80
CD274,PDCD1
NPPC,NPR3
NPPC,NPR2
NPPC,NPR1
NPPB,DPP4
NPPB,NPR3
NPPB,NPR2
NPPB,NPR1
OSTN,NPR3
NPPA,NPR3
NPPA,NPR2
NPPA,NPR1
SEMA3B,NRP1
SEMA3B,NRP2
PGF,NRP1
PGF,NRP2
PGF,FLT1
NCAM1,FGFR2
NCAM1,FGFR1
NCAM1,GFRA1
NCAM1,ROBO1
NCAM1,PTPRA
NCAM1,CACNA1C
NRG3,ERBB4
NRG3,ERBB2
NRG3,ERBB3
AREG,EGFR
AREG,ERBB3
NRG2,ERBB4
NRG2,ERBB2
NRG2,ERBB3
BTC,EGFR
BTC,ERBB4
BTC,ERBB2
BTC,ERBB3
IGF2,IGF2R
IGF2,IGF1R
IGF2,INSR
SEMA4D,MET
SEMA4D,ERBB2
SEMA4D,PLXNB2
SEMA4D,PLXNB1
SEMA4D,CD72
NRG4,EGFR
NRG4,ERBB4
NRG4,ERBB2
IFNW1,IFNAR2
IFNW1,IFNAR1
IFNA16,IFNAR2
IFNA16,IFNAR1
IFNA14,IFNAR2
IFNA14,IFNAR1
IFNA17,IFNAR2
IFNA17,IFNAR1
IFNA4,IFNAR2
IFNA4,IFNAR1
IFNA13,IFNAR2
IFNA13,IFNAR1
IFNA5,IFNAR2
IFNA5,IFNAR1
IFNB1,IFNAR2
IFNB1,IFNAR1
IFNA6,IFNAR2
IFNA6,IFNAR1
IFNA10,IFNAR2
IFNA10,IFNAR1
IFNA8,IFNAR2
IFNA8,IFNAR1
IFNE,IFNAR2
IFNE,IFNAR1
IFNE,ADGRV1
IFNA21,IFNAR2
IFNA21,IFNAR1
IFNA2,IFNAR2
IFNA2,IFNAR1
IL20,IL20RA
IL20,IL22RA1
IL20,IL20RB
IL24,IL10RB
IL24,IL20RA
IL24,IL22RA1
IL24,IL20RB
PTPN11,FCRL4
ZP3,EGFR
EFEMP1,EGFR
FGL1,EGFR
ARF4,EGFR
ANG,EGFR
LRIG2,EGFR
EPGN,EGFR
DLK2,NOTCH1
MFAP5,NOTCH1
MFAP2,NOTCH1
RBP3,NOTCH1
NTNG1,LRRC4C
SPINT1,ST14
CXCL2,ADRA2A
CXCL2,MTNR1A
CXCL2,GRM7
CXCL2,CXCR2
CXCL2,DPP4
CXCL2,CXCR1
CXCL2,XCR1
CXCL1,ADRA2A
CXCL1,MTNR1A
CXCL1,GRM7
CXCL1,CXCR2
CXCL1,ACKR1
CXCL1,CXCR1
PPY,ADRA2A
PPY,MTNR1A
PPY,GRM7
PPY,NPY5R
PPY,NPY1R
PPY,NPY4R
PPY,NPY2R
SORBS1,ITGB5
SORBS1,ITGA1
SORBS1,INSR
MATN1,ITGA1
PLA2G10,PLA2R1
IL34,CSF1R
IL25,IL17RB
IFNL2,IL10RB
IFNL2,IFNLR1
IFNL1,IL10RB
IFNL1,IFNLR1
IFNL3,IL10RB
IFNL3,IFNLR1
GPI,AMFR
DEFB106A,CCR2
CCL14,ACKR2
CCL14,ACKR1
CCL14,CCR1
CCL14,CCR5
CCL14,CCR3
CCL3,CCR4
CCL3,ACKR2
CCL3,CCR1
CCL3,CCR5
CCL3,CCR3
CCL3L3,ACKR2
CCL3L3,CCR5
CCL4,ACKR2
CCL4,CCR8
CCL4,CCR1
CCL4,CCR5
CCL4,CCR3
CCL4,CNR2
FGF12,FGFR2
FGF12,FGFR4
FGF12,FGFR1
FGF12,FGFR3
ANGPT1,ITGB1
ANGPT1,ITGA5
ANGPT1,TEK
ANGPT1,TIE1
WNT8A,LRP5
WNT8B,LRP5
CGB5,LHCGR
CCK,CCKBR
CCK,CCKAR
YARS1,CXCR1
IL17A,IL17RC
IL17A,IL17RA
IL17F,IL17RC
IL17F,IL17RA
CCL15,CCR1
CCL15,CCR3
CCL23,ACKR2
CCL23,CCR1
CCL18,CCR8
CCL18,CCR1
CCL18,CCR3
LTBP3,ITGB5
LTBP1,ITGB5
MST1,MST1R
CHAD,ITGB1
CHAD,ITGA2
NUCB2,ERAP1
FAT4,DCHS1
TAC3,TACR2
TAC3,TACR3
TAC3,TACR1
AHSG,INSR
CD86,CD28
CD86,CTLA4
ACE2,SLC6A19
CD6,ALCAM
TSLP,IL7R
CER1,MRC2
CRISP2,CATSPER1
XCL2,XCR1
CD200,CD200R1
C4B,CD46
C4B,CR1
IL19,IL20RA
IL19,IL20RB
EDN1,EDNRA
EDN1,EDNRB
EDN1,KEL
EDN1,ADGRL4
ICOSLG,ICOS
SEMA4B,DCBLD2
UTS2B,UTS2R
PDX1,SLC2A2
PTMA,VIPR1
TNFSF18,TNFRSF18
F11,GP1BA
APOD,LEPR
DKK3,KREMEN1
OBP2A,OR1G1
BSG,SELE
AMELX,LAMP1
IL6,IL6ST
IL6,F3
IL6,IL6R
IL6,HRH1
F7,F3
RGMA,NEO1
RGMA,BMPR2
RGMA,HJV
RGMA,BMPR1B
RGMA,TFR2
RGMA,HFE
MMP12,PLAUR
WNT5B,KLRG2
CD5L,CD5
PIGA,PIGR
GSTO1,RYR1
ADA,DPP4
CEACAM16,TECTB
CEACAM16,TECTA
CD58,CD2
CD59,CD2
ANGPT4,TEK
ANGPT4,TIE1
IRAK4,TLR6
IRAK4,TLR4
IRAK4,TLR7
ALOX5AP,ALOX5
COLQ,MUSK
PLTP,ABCA1
NPNT,ITGB1
NPNT,ITGA8
MEPE,PHEX
COL8A2,SLC4A11
SPTBN2,PTPRA
APOC1,VLDLR
APOC4,VLDLR
ALKAL2,ALK
QRFP,QRFPR
DSPP,ITGB1
SPON2,ITGB2
SPON2,ITGAM
SYTL3,NRXN1
PRG4,CD44
VIM,CD44
CXCL17,GPR35
GDF10,ACVR1B
APELA,APLNR
VIP,ADRA2A
VWF,ITGB1
CALM2,RYR2
CALCA,ADRA2A
GIP,ADRA2A
C3,ITGB1
CALM2,ADCYAP1R1
CALM3,ADCYAP1R1
GHRH,ADRA2A
PTH,ADRA2A
CUBN,ITGB1
ADCYAP1,ADRA2A
RLN2,ADRA2A
BMP4,ITGB1
CALCB,ADRA2A
CCL4,ADRA2A
HSPG2,ITGB3
VIP,MTNR1A
EGF,ITGB1
LAMA1,ITGB3
GIP,MTNR1A
CALCA,MTNR1A
APOB,ITGB1
PLAT,ITGB1
GNAI2,ADRB2
PLAU,EGFR
PLAU,ITGB3
EGF,ITGB3
TG,ITGB1
CCL3L3,CCR3
F2,ITGB1
CCN1,ITGB1
NPS,ADRA2A
ADAM10,ITGB1
CRH,ADRA2A
FN1,ITGA1
GNAI2,ITGB1
COL1A1,ITGB3
ADM,ADRA2A
GDF6,ITGB1
CALCB,MTNR1A
CCL21,ADRB3
CCL11,ADRA2A
AVP,ADRA2A
PTH2,ADRA2A
GCG,ADRA2A
IRAK4,ITGB1
LPL,ITGB1
GDF2,EGFR
LTBP3,ITGB1
CCL23,ADRA2A
KNG1,ITGB1
TNC,ITGB5
CALM2,MTNR1A
CALM3,MTNR1A
CALM1,MTNR1A
GALP,ADRA2A
CCL3L3,ADRA2A
CCL3L3,CCR1
JAG1,ITGB1
INSL3,MTNR1A
MFGE8,ITGB1
PROC,ITGB1
PTHLH,ADRA2A
LAMA2,ITGB3
CRH,MTNR1A
APOB,ITGB3
IAPP,ADRA2A
ADM,MTNR1A
CCL21,ADRB2
CCL13,ADRA2A
CCL17,ADRA2A
CCL11,CCR1
CALM2,VIPR1
CALM3,VIPR1
C5,ITGB1
FAT4,ITGB1
GDF2,ITGB1
FN1,ITGB5
GHRH,MTNR1A
FN1,LRP1
SPINT1,ITGB1
CCL11,GRM7
INSL3,ADRA2A
GNAI2,ADRB3
TAC4,ADRA2A
HLA-B,KIR2DL1
SCT,ADRA2A
GNAI2,TLR4
CCL19,CCR3
GDF2,BMPR1B
SCT,MTNR1A
DSC1,ITGB1
COL4A2,ITGB1
CCL19,ADRB2
CALM2,ADRA2A
CALM3,ADRA2A
CALM1,ADRA2A
COL2A1,ITGB3
GNAI2,VIPR1
ADCYAP1,MTNR1A
VCAN,ITGB3
GIP,GRM7
ADAM17,ITGB3
GCG,MTNR1A
CCL4,MTNR1A
BMP2,ITGB1
NTN4,ITGB1
TAC4,MTNR1A
FN1,EGFR
F11,ITGB1
C4BPA,ITGB1
CCL19,CCR1
CCN6,ITGB1
LAMB1,ITGB3
TLN1,ITGB1
HLA-A,ITGB1
CXCL12,CCR1
LAMA2,LRP1
INHBE,ITGB1
ICAM1,ITGB1
CCL7,ADRA2A
NLGN1,ITGB1
WNT5A,TLR4
BMP15,ITGB1
TNF,LRP2
WNT5A,ITGB1
NPTX1,ITGB1
TGFB1,ACVR2B
CNTN2,ITGB1
LAMA4,ITGB3
COL4A6,ITGB3
PTH,MTNR1A
TNC,ITGA3
TNC,ITGA2B
CORT,ADRB3
NLGN3,ITGB1
CFH,ITGB1
CCL3,ADRA2A
CALM2,ADRB2
CALM3,ADRB2
CALM1,ADRB2
L1CAM,ITGB1
RELN,ITGB3
WIF1,ITGB1
SEMA3B,ITGB1
CCL21,GPR20
CXCL12,CCR3
NPS,ACKR4
TNC,ITGA1
VIP,GRM7
COL4A1,ITGB3
LTF,ITGB1
RARRES2,ADRA2A
EDIL3,ITGB1
C4B,ITGB1
CCL19,ACKR1
TGFB1,ACVR2A
CORT,ADRB2
WNT5A,LRP1
CDH1,ITGB1
APP,ITGB1
LAMA1,ITGB5
ICAM3,ITGB1
TF,ITGB1
IAPP,MTNR1A
PLG,ITGB3
CCL14,ADRA2A
GNAI2,FPR2
NPS,CCR3
RLN2,MTNR1A
BMP2,TLR4
BMP4,ACVR2A
TGFB1,BMPR1B
F10,ITGB1
POMC,TLR4
CCL5,CCR8
LAMA5,ITGB3
POMC,ITGB1
JAG2,ITGB1
COL3A1,ITGB3
DLL1,ITGB1
FN1,NRP1
GDF11,ITGB1
RLN1,ADRA2A
FAT4,ITGB3
CCL25,ADRB2
CCL3,ACKR4
GCG,GRM7
LTBP1,ITGB1
CALCB,GRM7
SEMA3C,ITGB1
PTH2,MTNR1A
WNT5A,ITGB3
VCAN,ITGA1
GHRH,GRM7
COL6A3,ITGB3
FN1,TLR4
HSPG2,ITGA1
CCL17,CCR1
CCL17,CCR3
COL5A1,ITGB3
C4A,ITGB1
AVP,MTNR1A
LAMA2,EGFR
RSPO1,ADRA2A
CGA,ADRA2A
FCN2,ITGB1
HSPG2,ITGB5
IL9,ADRA2A
IL22,ADRA2A
CUBN,ITGB3
AGRN,ITGB3
CCL11,ADRB2
GDF5,ITGB1
GRP,ADRA2A
GCG,TLR4
GNAI2,FPR3
CGA,MTNR1A
SEMA4A,ITGB1
BMP5,ACVR2A
APP,ITGB3
CCL26,MTNR1A
ADAM9,ITGB3
SHANK1,ITGB1
TNC,ITGA6
GRP,GRM7
MMP9,ITGB1
APP,LRP2
CCL18,ADRA2A
PTHLH,MTNR1A
GALP,MTNR1A
C3,ITGB3
GNAI2,GPR20
SEMA5A,ITGB1
CCL19,ADRB3
EFNB1,TLR4
SEMA3A,ITGB1
CALM2,SCTR
CALM3,SCTR
CCN1,LRP2
BMP2,ACVR1B
CEACAM1,ITGB1
NLGN1,ITGB3
COL6A3,LRP1
LAMA1,LRP2
CCL23,MTNR1A
NCAM1,ITGB1
INSL5,ADRB3
TNFSF11,ITGB1
GDF9,ITGB1
BMP5,ACVR2B
PTH,GRM7
COL3A1,ITGA1
TCN2,ITGB1
ADM2,ADRA2A
CCL1,ADRA2A
BSG,LRP2
CCL3,CCR8
BMP3,ACVR2A
PROS1,ITGB1
BMP6,ITGB1
IFNG,ADRA2A
NPPB,ADRA2A
DLL4,EGFR
VCAM1,ITGB3
NPS,CCR1
APOB,EGFR
ADAM10,ITGB3
TSHB,MTNR1A
CALM2,CRHR1
CALM3,CRHR1
SORBS1,ITGB1
CCL3,MTNR1A
GNAI2,CCR8
LAMA1,EGFR
BMP2,EGFR
TNFSF15,TLR4
ADAM2,ITGB3
NODAL,EGFR
WNT3A,LRP2
FSHB,ADRA2A
BSG,ITGB1
CCL3L3,CCR4
DLL4,ITGB1
FGA,ITGB5
LHB,MTNR1A
LPL,TLR4
WNT3A,FZD9
FN1,LRP2
HPX,ITGB1
SEMA4B,ITGB1
CALM2,GLP1R
CALM3,GLP1R
BMP1,ITGB1
CCL20,ADRB2
NPY,ADRB2
CCL20,CCR1
VCAN,ITGB5
GNAI2,ADCYAP1R1
BMP10,ITGB1
COL18A1,ITGA1
CXCL12,ACKR4
UCN,ADRA2A
LAMA1,LRP1
LIPC,ITGB1
RLN2,GRM7
EGF,ITGB5
CCL11,ADRB3
CCL14,ACKR4
CCL27,ADRB2
CALM2,TRPC3
CALM3,TRPC3
IGFBP4,ADRA2A
IRAK4,ITGB3
ADM,GRM7
CCL8,ADRA2A
FGF1,GRM7
BMP5,EGFR
ANGPTL3,ITGB1
ADCYAP1,GRM7
ANOS1,ITGB1
ZP3,ITGB1
TSHB,ADRA2A
DLL3,ITGB1
VWF,ITGB5
BMP7,ITGB1
L1CAM,ITGB3
CXCL11,CCR1
CALM2,PTH2R
CALM3,PTH2R
APP,ITGB5
LTBP1,ITGB3
SLIT3,ITGB1
CXCL12,ADRB2
ANXA1,ITGB1
EFNA1,LRP2
IGF2,ADRA2A
F8,ITGB1
SERPINC1,LRP1
CCL25,ADCYAP1R1
GDF6,EGFR
HSPG2,EGFR
SYTL3,ITGB1
LAMA2,LRP2
GRP,ADRB2
LHB,ADRA2A
DLL4,ITGB3
IGF2,MTNR1A
APOB,ITGB5
CCL25,ADRB3
GDF2,TLR4
NLGN3,ITGB3
ADAM17,LRP1
DLK1,ITGB1
DSC2,ITGB1
FGF3,GRM7
INHBA,ITGB1
CCL5,ADRB3
IZUMO1,ITGB1
GNAI2,ACKR4
HP,ITGB1
EDN2,ADRA2A
TG,ITGB3
CALCA,GRM7
WNT5A,EGFR
ADAM28,ITGB1
JAG1,ITGB3
BMP5,ITGB1
COL6A1,ITGB3
NPS,MTNR1A
LPL,ITGB3
VCAN,ITGA2
CCL5,CXCR2
MICB,ITGB1
BTLA,LRP2
VWF,LRP2
NPY,ADRB3
SERPINC1,ITGB1
HLA-A,EGFR
ASIP,ADRA2A
LPL,EGFR
KNG1,ITGB3
PIGA,ITGB1
AGRP,ADRA2A
EFNB1,ITGB1
TAC1,ADRA2A
RELN,LRP1
GNAI2,ACKR2
MFNG,ITGB1
PRLH,ADRA2A
CCL20,ACKR1
ASIP,ADRB3
FGF23,ADRA2A
NPS,CXCR3
GNAI2,RXFP4
CALM2,HTR2C
CALM3,HTR2C
F12,ITGB1
VTN,LRP1
GCG,VIPR2
BMP3,ITGB1
VCAN,TLR4
SHANK2,ITGB1
PLAT,ITGB3
CCN3,ITGB1
PDGFD,ITGB1
ACTR2,LRP1
GIP,ACKR4
CCL3L3,MTNR1A
ANGPT2,ITGB1
GRP,ADRB3
RELN,EGFR
TGFB3,TLR4
GNAI2,PTGDR
TGFB1,ACVR1B
POMC,CXCR3
TNFSF15,EGFR
GNAI2,GPR84
WNT8B,ITGB1
IL1A,ITGB1
EDN2,MTNR1A
TNFSF15,LRP2
GPI,ITGB1
HLA-C,ITGB1
BMP8B,ACVR2A
FBLN2,ITGB1
APP,EGFR
HLA-E,ITGB1
CCL22,ADRA2A
EFEMP1,ITGB1
LRIG1,ITGB1
CCL21,CCR1
RLN1,GRM7
A2M,ITGB1
POMC,VIPR2
CCL26,ADRA2A
COL1A2,EGFR
APP,TLR4
LAMA2,ITGB5
PLAT,EGFR
WNT5B,ITGB1
HLA-C,KIR3DL2
WNT5A,ADRA2A
RGMA,ITGB1
ARF1,TLR4
TCN2,TLR4
CALM2,TLR4
CALM3,TLR4
CALM1,TLR4
IAPP,GRM7
WNT3A,ITGB1
WNT3A,TLR4
MFNG,LRP2
PROC,EGFR
PLAU,TLR4
CCL3,ACKR1
NTS,ADRA2A
BTLA,TLR4
GNAI2,CCR9
BMP6,EGFR
RLN1,MTNR1A
VCAN,LRP1
ANGPTL2,ITGB1
CDH1,ITGB3
GNAI2,ITGB3
TNF,EGFR
CCL5,GPR20
BMP8A,ITGB1
GDF5,ITGB3
TAC1,ADRB2
CCL23,GRM7
THBS1,ITGB5
BMP15,TLR4
VIP,TLR4
COLQ,ITGB1
CCL21,RAMP2
CCL8,CXCR3
CCL21,CCR3
CALM2,OPRM1
CALM3,OPRM1
HLA-A,ITGB3
GHRH,CCR1
TNC,ITGA4
IRAK4,EGFR
AMH,ITGB1
INSL5,ADRB2
CCL20,CCR3
FN1,ITGB2
FSHB,MTNR1A
ICAM4,EGFR
VWF,ITGA3
TNC,ITGB2
PROK1,ADRA2A
IRAK4,LRP2
UCN3,MTNR1A
GNAI2,MCHR2
EGF,LRP1
GRP,MTNR1A
IL21,ADRA2A
NID1,ITGB5
BSG,TLR4
ST6GAL1,ITGB1
TSLP,ADRA2A
CXCL11,ACKR4
PTH,TLR4
WNT7B,LRP2
GDF6,ITGB3
EFNB1,ITGB3
IRAK4,LRP1
RSPO3,ADRA2A
CCL13,ADRB2
GDF2,ITGB3
PROK2,ADRA2A
VTN,EGFR
GDF5,EGFR
LTBP3,ITGB3
MELTF,ITGB1
BMP8A,EGFR
SERPINC1,LRP2
FGB,EGFR
SLIT1,ITGB1
CCL5,ADRB2
CCL3L3,ACKR1
COL6A3,EGFR
GDF9,EGFR
FGB,ITGB5
MATN1,ITGB1
CXCL10,CCR1
GC,LRP1
COL4A5,ITGB3
CRH,GRM7
CAMP,GRM7
BMP4,EGFR
NPTX2,ITGB1
DCN,ITGB1
AGT,ITGB1
GC,ITGB1
TNC,LRP1
BMP6,ACVR2B
GPHA2,ADRA2A
CCL21,ADCYAP1R1
WNT3A,ADRB2
WNT8A,ITGB1
TNC,LRP2
SCT,GRM7
IL22,GRM7
CCL11,CCR8
F13A1,LRP1
WNT3A,EGFR
SEMA3A,ITGB3
THBS1,ITGA2
BMP15,ACVR2B
IGF2,GRM7
PROC,TLR4
CALM2,CALCR
CALM3,CALCR
VTN,TLR4
DLK1,EGFR
GNAI2,LRP1
MST1,ITGB1
GNAI2,LRP2
NPPB,MTNR1A
CCL20,ACKR4
GHRH,ACKR2
MEGF10,ITGB1
PROC,ITGB3
CCL13,ADRB3
BMP2,ITGB3
IL21,MTNR1A
C3,ITGB5
CCL11,ADCYAP1R1
PDYN,ADRB2
TNF,TLR4
GRP,ADCYAP1R1
LMAN1,ITGB1
CNTF,TLR4
PTH2,GRM7
BMP4,TLR4
NXPH2,ITGB1
BMP4,ITGB5
BMP4,ACVR2B
COL18A1,ITGA2
AGRN,ITGB5
INHBB,ITGB1
GDF6,ACVR2A
HLA-E,ITGB3
BMP4,ITGB3
CCL1,MTNR1A
FST,ITGB1
EDN3,ITGB1
GNAI2,ACVR2B
GNAI2,CCR4
VWF,EGFR
VCAM1,LRP1
SEMA5A,ITGB3
BSG,EGFR
SERPINE1,ITGB1
TNFSF15,ITGB1
LAMC3,ITGB3
SEMA3F,ITGB1
GNAI2,CX3CR1
DLL1,EGFR
CUBN,EGFR
GDF6,ITGB5
NPS,ACKR1
IL21,GRM7
INSL3,GRM7
NAMPT,ITGB1
INHBE,EGFR
EDN1,GRM7
WNT5A,MTNR1A
ADM2,MTNR1A
CCL3L3,ACKR4
THBS1,EGFR
TF,ITGB3
WNT7A,LRP2
CCL17,ACKR4
SORBS1,ITGB3
FGA,EGFR
ASIP,ADCYAP1R1
CCL20,ADRB3
LEFTY1,ITGB1
REN,ITGB1
TF,LRP1
TGFB1,ACVR1
TNC,TLR4
ADAM17,ITGB5
COL4A2,ITGA2
PROS1,ITGB3
PLAU,NRP1
THBS2,LRP1
F2,ITGB3
TGFB1,LRP2
LEFTY1,BMPR1B
CCL14,CCR8
FGF1,MTNR1A
NPS,ACKR2
NPPB,GRM7
UTS2B,ADRA2A
CD40LG,TLR4
GDF1,ITGB1
HLA-A,LRP1
GNAI2,HTR2A
THBS2,EGFR
BTLA,GRM7
COL11A1,ITGB3
GNAI2,CNR2
COL6A2,ITGB3
MICB,EGFR
BMP7,EGFR
F13A1,ITGB3
WNT5A,ACVR2A
LAMC1,ITGB3
HLA-A,LRP2
MATN1,LRP2
ST6GAL1,LRP1
TNFSF11,EGFR
BMP3,EGFR
KISS1,ADRA2A
NMB,MTNR1A
LAMA5,ITGA1
XCL1,ADRA2A
PTH,CXCR3
WNT3A,ADRA2A
DLK2,ITGB1
RSPO1,MTNR1A
WNT7A,ITGB1
COL4A4,EGFR
RELN,LRP2
NLGN2,ITGB1
SEMA3A,LRP1
POMC,LRP2
EDN1,ADRA2A
TAC4,ADRB2
C1QA,ITGB1
CCL4,ACKR1
EDN3,ADRA2A
CXCL10,ACKR4
DSC1,ITGB3
EDIL3,LRP1
GNAI2,CMKLR1
CCL16,CCR3
DLK2,LRP2
LIPH,LRP2
WNT2,LRP1
F9,ITGB1
CCL3L3,CCR8
VCAN,ITGA3
WNT7A,FZD1
VCL,ITGB1
EFNB1,EGFR
BMP6,ITGB3
ICAM2,ITGB1
CORT,VIPR1
PTHLH,GRM7
CX3CL1,ITGB1
BMP8A,ACVR2A
GCG,ACKR2
RGMB,ITGB1
NTN4,ITGB3
CD200,EGFR
GNAI2,RXFP3
ICOSLG,ITGB1
GNAI2,SSTR5
WNT5A,ITGB5
CCL22,MTNR1A
NCAM1,ITGB3
INSL5,GPR20
CCL25,GPR20
CNTN3,ITGB1
GIP,ACKR2
ICAM3,EGFR
TAC1,MTNR1A
CUBN,LRP1
SPON2,ITGB1
COL5A1,ITGA2
PLAT,ITGB5
GNRH2,ADRA2A
EFNB3,ITGB1
MSTN,ITGB1
CD86,ITGB1
CCN3,LRP2
RARRES2,MTNR1A
HCRT,ADRA2A
CCL16,ADRB2
GALP,ADRB2
CCL5,CCR2
LAMA5,LRP1
FAT4,LRP1
BMP8B,ACVR2B
ADM2,GRM7
GNAI2,CALCR
NLGN1,LRP1
WNT3A,FZD4
RELN,ITGB5
CCL21,GPR84
CCL14,MTNR1A
CCL1,CCR3
ANGPTL1,ITGB1
CCL11,GPR20
GNAI2,SCTR
GNAI2,OPRK1
GALP,ADRB3
MICA,ITGB1
CDH1,LRP1
COL11A1,ITGA1
EFNA1,TLR4
CORT,GPR84
GHRH,ACKR4
SEMA3C,LRP1
QRFP,ADRA2A
TNF,ITGB1
GNAI2,HTR5A
PROK2,MTNR1A
GNAI2,ACVR2A
GSTP1,LRP2
FGA,ITGA3
BMP4,ITGB2
HDC,ITGB1
UCN,MTNR1A
OSTN,ADRA2A
TCN2,EGFR
NPTX1,ITGB3
SEMA3E,LRP1
FST,TLR4
GNAI2,CCR2
CD34,ITGB1
GSTO1,TLR4
BCAN,ITGB1
TG,LRP1
UCN3,ADRA2A
PTPN6,ITGB1
GDF2,LRP1
NPY,TSHR
WNT5B,LRP2
LRIG2,ITGB1
PPY,ADRB3
TCN2,ITGB3
FCN2,LRP2
THBS2,ITGB5
NLGN3,LRP1
PLAU,BMPR1B
SYK,ITGB1
AVP,TLR4
BMP8B,EGFR
SERPING1,ITGB1
GNAI2,MC3R
VIP,LRP2
GNAI2,VIPR2
FAT4,EGFR
CCL25,TSHR
RBP3,ITGB1
VIP,ACKR4
CALCB,ACKR2
COL4A6,EGFR
MFNG,EGFR
IZUMO1,TLR4
CORT,CCR1
VCAM1,EGFR
BMP15,EGFR
JAG2,ITGB3
FGF1,TLR4
BTLA,ITGB1
OBP2A,GRM7
BMP2,LRP2
IGF1,ADRA2A
PDGFD,LRP1
HLA-G,KIR2DL1
WNT5A,TSHR
BMP2,LRP1
GNAI2,CCR3
GNAI2,C5AR2
GAS6,ITGB1
APOB,ITGA3
LIPH,LRP1
C1QTNF1,ITGB1
PTPN11,ITGB3
GALP,GRM7
BGN,ITGB1
DLL1,ITGB3
TGFB3,ACVR2B
GAD1,ITGB1
FGB,LRP1
ADA,LRP2
WNT1,LRP2
PPY,ADRB2
CXCL10,ADRB2
HCRT,MTNR1A
TAC1,ADRB3
FN1,BMPR2
TNF,FGFR2
GNAI2,RAMP2
FGF8,GRM7
PTH,ACKR2
CCN1,EGFR
GNAS,ITGB1
COL4A1,EGFR
VIP,CRHR1
VTN,LRP2
MTMR4,ITGB1
GDF2,LRP2
TGM2,LRP1
LAMA5,ITGB5
WNT1,ITGB1
EDIL3,ITGB3
ACTR2,ITGB1
CCL17,ADRB3
WNT5A,BMPR1B
TNF,ADRA2A
GNAI2,GALR1
COL1A1,ITGB5
DSC1,LRP1
DLL1,LRP1
HLA-E,EGFR
WNT4,LRP2
TGM2,TLR4
NLGN1,EGFR
VWF,ITGA2
CXCL9,ACKR4
ADA,ITGB1
YARS1,LRP1
PODXL2,ITGB1
LAMB1,LRP1
ADM,ACKR2
EGF,ITGA3
HRAS,TLR4
GNAI2,HTR1B
AVP,GRM7
TGFB1,LRP1
EDN3,MTNR1A
C3,TLR4
TNF,MTNR1A
TSLP,GRM7
PROK1,MTNR1A
RLN1,LRP2
THBS1,ITGA1
PKM,ITGB1
GNAI2,NMBR
HRAS,LRP2
GNAI2,BMPR1B
SEMA6D,ITGB1
CCL3,CXCR3
LAMA4,ITGB5
TNFSF11,TLR4
IGFBP4,ITGB1
GCG,LRP2
FSHB,TLR4
CORT,ACKR4
C4B,ITGB3
BMP8B,ITGB1
VCAN,LRP2
GSTO1,LRP2
ADAM17,TLR4
APOC3,ADRA2A
LAMB2,ITGB3
CCL13,MTNR1A
INHBE,LRP2
CCL17,MTNR1A
NTNG1,ITGB1
GNAI2,LPAR2
ALKAL1,ADRA2A
FN1,EPHB2
NTS,MTNR1A
NMB,ADRA2A
GDF2,ITGB2
GDF9,LRP1
NID1,EGFR
BMP5,ITGB3
EGF,TLR4
FBN1,ITGA2
GPHA2,MTNR1A
SLIT2,ITGB1
ICAM1,ITGB3
CXCL9,CCR1
C3,ITGA3
RGMA,ITGB3
WNT3,FZD2
CXCL12,ACKR1
CGA,TLR4
GNAI2,OPRL1
ADM,TLR4
BMP2,ITGB2
SEMA3B,LRP1
GNAI2,SSTR2
MFAP5,ADRA2A
YARS1,TLR4
CCL4,ACKR4
NPY,ADCYAP1R1
ICAM2,LRP2
WIF1,LRP2
DRAXIN,ITGB1
NMS,ADRB2
L1CAM,LRP1
NPVF,MTNR1A
FABP5,TLR4
CCL17,ADRB2
IL6,ADRA2A
HLA-G,KIR2DL3
LAMC2,ITGB3
TGS1,ITGB1
NPTX1,EGFR
AZGP1,TLR4
PTGS2,ITGB1
HSPG2,ITGB2
SEMA6A,ITGB1
GRP,RAMP2
GNAI2,HCRTR1
C4BPA,EGFR
ITIH2,ITGB1
CCL13,GPR20
IL36B,GRM7
SERPINC1,TLR4
GDF15,ITGB1
CCL19,CCR8
GRN,ITGB1
TSHB,TLR4
PLA2G10,ADRA2A
FGB,ITGA3
EFNA3,GRM7
GCG,CRHR1
QRFP,MTNR1A
GNAI2,NPBWR1
GHRH,CCR3
IFNG,GRM7
COL4A3,ITGB5
FGB,LRP2
TGFB1,TLR4
NXPH2,TLR4
ADAM12,ITGB3
CCL25,GPR84
CP,ITGB1
CCL14,CCR2
ADAM10,ITGB5
CALCB,ACKR4
HLA-G,LILRA1
GNAI2,NTSR1
S100A4,MTNR1A
L1CAM,ITGB5
COL4A3,EGFR
CXCL2,ACKR1
BMP5,TLR4
ANGPTL4,ITGB1
EFNB1,LRP2
NPS,GRM7
GNAI2,CXCR4
GHRH,CXCR3
AGRN,ITGA2
TLN1,ITGA2
EDN3,GRM7
IL22,MTNR1A
CCL19,CCR5
WNT7B,FZD5
GIP,TLR4
GNAI2,FZD5
CCL3,CXCR2
CCL27,ADRB3
SERPINA1,LRP2
SPINT1,ITGB3
CALM2,TSHR
CALM3,TSHR
CALM1,TSHR
NODAL,ITGB1
TNF,GRM7
SERPINA7,LRP1
GDNF,ADRA2A
EDIL3,LRP2
COL1A1,EGFR
GIP,CCR1
CCL7,GRM7
GNAI2,GRM7
LAMB3,ITGB3
BMP2,ITGB5
ST6GAL1,TLR4
PDGFD,TLR4
IL9,MTNR1A
FGF10,GRM7
CXCL10,ADRB3
GRP,GPR84
HAS2,ITGB1
AGT,EGFR
IFNG,MTNR1A
GAST,ADRA2A
MFAP5,GRM7
RELN,TLR4
NLGN2,ITGB3
F2,ITGB2
HRAS,ADRA2A
GDF7,ITGB1
SPON2,EGFR
BTLA,EGFR
TLN1,LRP1
SPP1,EGFR
GPI,EGFR
RSPO4,MTNR1A
IL7,GRM7
ICOSLG,EGFR
CCL27,GPR20
HLA-G,KIR3DL2
RSPO1,TLR4
HBEGF,ITGB1
TNFSF13,TLR4
RARRES2,GRM7
IL9,GRM7
TNF,TSHR
VIP,ACKR2
WNT5A,ACVR2B
WNT5A,NRP1
VTN,BMPR2
C5,ITGB3
GNAI2,MC2R
GNAI2,MC4R
GHRL,MTNR1A
PDCD1LG2,LRP2
GNAI2,FFAR2
TIMP1,EGFR
SERPINC1,ITGB3
FGF23,GRM7
COL4A2,ITGA1
GNAI2,CXCR5
FAT4,ITGA2
BSG,ITGB3
CCL19,GPR20
RGMA,TLR4
HLA-C,ITGB3
SHBG,ITGB1
PDGFD,LRP2
FGF7,ADRA2A
PLAU,BMPR2
DSCAM,ITGB1
IGFBP4,LRP2
TNF,ACVR2B
ADAM10,TLR4
CSF2,LRP2
COL6A3,LRP2
C3,EGFR
POMC,ACKR4
GDF10,ITGB1
GCG,SCTR
COL6A3,ITGA3
BGN,EGFR
SFTPD,ITGB1
OXT,ADRA2A
EFNA3,LRP2
NTN4,LRP1
GNAI2,FZD10
GPC3,ITGB1
CAMP,ADRA2A
THBS2,ITGA1
LAMB1,EGFR
EFNB2,ITGB1
NPPB,ADRB2
IAPP,ACKR2
ICAM1,LRP2
BMP8A,ACVR2B
GNAI2,HTR2C
WNT7A,LRP5
VWF,ITGA1
ICAM4,LRP2
EFNA1,ADRA2A
RLN1,ADRB2
POMC,LRP1
ASIP,GPR84
FGF4,GRM7
ASIP,GPR20
IL19,ADRA2A
ADAMTS3,ITGB1
HCRT,GRM7
JAG1,LRP1
INHBC,ITGB1
F2,LRP1
CCL13,GRM7
CCN6,LRP2
VEGFA,LRP2
CCL16,ACKR4
HLA-C,EGFR
PDYN,LRP2
CCL14,CXCR3
LAMA1,ITGB2
PTPN11,ITGB1
RLN3,TLR4
CCL16,ADRB3
NPVF,ADRA2A
CCL3L3,CXCR2
ASIP,VIPR1
COL7A1,ITGB3
TGFB1,BMPR2
TNFSF13,EGFR
LAMA5,LRP2
SFTPA2,ITGB1
GDF9,LRP2
TGFB3,EGFR
ANOS1,ITGB3
SPON2,LRP2
C3,LRP2
ITGB3BP,TLR4
CCL1,ACKR4
HLA-E,TLR4
ICAM3,ITGB3
PROC,BMPR1B
WNT8B,LRP2
TCTN1,EGFR
IL1RN,TLR4
CCL1,CCR1
IGF1,GRM7
SERPINE1,TLR4
NLGN3,EGFR
IAPP,CCR1
FGG,LRP1
IL12A,ITGB1
HSP90B1,ITGB1
SERPINE2,LRP2
ANGPTL1,ITGB3
FBN1,ITGB5
TSLP,MTNR1A
PMCH,TLR4
GC,ITGB3
IL36B,MTNR1A
EDN2,ADRB2
HSPA8,ITGB1
C1QTNF5,ITGB1
TGM2,EGFR
WNT9B,LRP2
